Date,Open,High,Low,Close,Volume,Change
2014-11-18,40600.0,40560,40110,40490,1175,0.0425233679430882
2014-11-19,40500.0,40720,40360,40520,3879,0.0027069096543877
2014-11-20,40730.0,40680,40400,40540,6470,0.0014307947237091
2014-11-21,40640.0,40775,40440,40565,4329,0.0028556739735284
2014-11-24,40575.0,40820,40385,40480,5395,-0.0077214602953191
2014-11-25,40635.0,40680,40510,40645,3046,0.0161710396231007
2014-11-26,40670.0,40715,40600,40680,1068,0.0032511498204572
2014-11-27,40440.0,40725,40420,40460,830,-0.0206702097623556
2014-11-28,40295.0,40540,40340,40440,712,-0.0019901625131654
2014-12-01,40215.0,40335,39985,40100,2176,-0.0333771131865775
2014-12-02,40165.0,40230,40025,40065,440,-0.0032582959231334
2014-12-03,40425.0,40275,40115,40225,1241,0.0158921044403609
2014-12-04,40315.0,40430,40170,40210,1792,-0.0011797921313104
2014-12-05,40350.0,40350,40265,40325,717,0.011441387787016
2014-12-08,40230.0,40395,40220,40260,764,-0.0066831310168192
2014-12-09,40015.0,40345,40070,40180,740,-0.0076025261885351
2014-12-10,39690.0,40150,39685,39830,4302,-0.0346102088723909
2014-12-11,39465.0,39760,39460,39535,2529,-0.0302362436753343
2014-12-12,39495.0,39630,39380,39555,205,0.0021748337893891
2014-12-15,39895.0,39665,39395,39575,6229,0.0017886715443813
2014-12-16,39695.0,39900,39600,39605,350,0.0037005957615822
2014-12-17,39650.0,39815,39585,39785,642,0.0181176765482928
2014-12-18,39820.0,39790,39330,39575,355,-0.0221470239569072
2014-12-19,39825.0,39925,39610,39765,1559,0.0207482052912899
2014-12-22,39870.0,39905,39745,39810,1099,0.0054978354517972
2014-12-23,40045.0,39975,39750,39870,233,0.0061064060026563
2014-12-24,40070.0,40110,39940,40025,117,0.0157824819616537
2014-12-26,39830.0,40125,39965,40035,3841,0.0012031327494092
2014-12-29,39825.0,39960,39705,39785,254,-0.0251677609726725
2014-12-30,39590.0,39930,39515,39670,1422,-0.0122601009530595
2015-01-02,39845.0,39925,39590,39890,660,0.021739124082067
2015-01-05,39740.0,39960,39660,39780,378,-0.0117645141677305
2015-01-06,39460.0,39795,39470,39510,886,-0.0274718389321247
2015-01-07,39515.0,39520,39430,39485,1923,-0.0017766115823763
2015-01-08,39875.0,39790,39455,39730,504,0.0264766430323076
2015-01-09,40025.0,40355,39775,40255,504,0.0542774632896662
2015-01-12,39935.0,40170,39900,40060,519,-0.0188792145198813
2015-01-13,39805.0,39970,39745,39865,378,-0.0189701110510965
2015-01-14,39805.0,39920,39625,39740,721,-0.0124386539604173
2015-01-15,39855.0,39975,39745,39955,322,0.0213280054742452
2015-01-16,40065.0,39930,39740,39740,339,-0.0213346694740941
2015-01-19,39920.0,40070,39870,39880,83,0.0145105203002557
2015-01-20,40160.0,40190,39855,40090,170,0.0209793331481169
2015-01-21,40035.0,40230,39835,39875,1158,-0.0208079371061034
2015-01-22,40200.0,40080,39885,39945,661,0.0069182924455983
2015-01-23,40200.0,40225,39975,40000,409,0.0056120835268865
2015-01-26,40230.0,40200,40130,40145,2215,0.0140796408689923
2015-01-27,40385.0,40360,40200,40330,4173,0.0179691141099026
2015-01-28,40650.0,40505,40370,40490,5030,0.0156023781993158
2015-01-29,40770.0,40790,40610,40775,156,0.0281986731583663
2015-01-30,40725.0,40770,40710,40710,29,-0.0068288858087957
2015-02-02,40570.0,40745,40595,40640,2124,-0.0065667969483628
2015-02-03,40755.0,40620,40570,40600,17,-0.0039528149649593
2015-02-04,40805.0,40820,40705,40785,2402,0.0187652967683548
2015-02-05,40940.0,40880,40775,40850,1313,0.006385811234159
2015-02-06,40825.0,40960,40845,40875,414,0.0026474383793439
2015-02-09,40570.0,40840,40680,40700,180,-0.0174414733820778
2015-02-10,40785.0,40585,40520,40535,221,-0.0156101399540037
2015-02-11,40840.0,40935,40760,40910,246,0.0370997532462685
2015-02-12,41060.0,41035,40750,40935,4468,0.0026897710854989
2015-02-13,40985.0,41100,40970,41005,4421,0.007404872500777
2015-02-16,41115.0,41080,40925,41025,8025,0.0027687303387103
2015-02-17,41180.0,41115,41030,41070,70,0.0042019701947244
2015-02-23,41395.0,41225,41105,41150,439,0.0075774171633017
2015-02-24,41665.0,41495,41395,41495,2013,0.0324662521802623
2015-02-25,41425.0,41705,41580,41640,4598,0.0136842841164444
2015-02-26,41235.0,41460,41150,41155,3924,-0.0441535949185909
2015-02-27,41070.0,41250,41160,41180,1055,0.0023192654021919
2015-03-02,40990.0,41100,40955,40955,4276,-0.0211674427819523
2015-03-03,40915.0,41140,40915,41070,2436,0.0110590665818307
2015-03-04,41000.0,40925,40875,40880,2395,-0.0180601665120517
2015-03-05,41005.0,41015,41000,41010,33,0.0127721944219195
2015-03-06,40900.0,41005,40930,40930,852,-0.0079415178206454
2015-03-09,41010.0,41065,40750,40915,19643,-0.0005734605888064
2015-03-10,40735.0,41145,40590,40735,7563,-0.0168930056370368
2015-03-11,40880.0,40805,40645,40695,454,-0.0041763518153554
2015-03-12,40950.0,40905,40880,40885,109,0.0182754629702242
2015-03-13,41035.0,41040,40950,41040,20,0.015314588178477
2015-03-16,41410.0,41095,41035,41095,508,0.004872007999313
2015-03-17,41560.0,41650,41215,41445,4171,0.0338469772099472
2015-03-18,43430.0,41620,41530,41620,3057,0.0167072821608498
2015-03-19,41650.0,43470,41585,41685,1971,0.0053177887545093
2015-03-20,41775.0,41725,41585,41650,287,-0.0034566674266881
2015-03-23,41790.0,41800,41750,41780,670,0.0122740276003096
2015-03-24,42120.0,41975,41740,41915,3939,0.0115246083297008
2015-03-25,42550.0,42350,42120,42345,645,0.0388062884350514
2015-03-26,42280.0,42660,42065,42180,4736,-0.0120416727435836
2015-03-27,42325.0,42280,42250,42250,230,0.0054487623613794
2015-03-30,42405.0,42375,42290,42290,13,0.0040526103750775
2015-03-31,42705.0,42480,42405,42475,227,0.0159870297392713
2015-04-01,42630.0,42720,42685,42700,133,0.0203097614013157
2015-04-02,42520.0,42630,42330,42350,36,-0.030062748463576
2015-04-03,42500.0,42585,42340,42385,1333,0.0031427802013465
2015-04-06,42550.0,42535,42360,42395,939,0.0006877041683163
2015-04-07,42500.0,42550,42415,42420,64,0.0029044055739831
2015-04-08,42725.0,42505,42420,42425,128,-0.0001827937439852
2015-04-09,42695.0,42725,42555,42560,946,0.0122581326454648
2015-04-10,43490.0,43290,42550,43200,1789,0.0553517286875897
2015-04-13,43285.0,43675,43150,43345,3883,0.0122755946511242
2015-04-14,43215.0,43285,42990,43045,965,-0.0260725709482429
2015-04-15,43860.0,43475,43200,43455,6483,0.0350550333747148
2015-04-16,74490.0,74970,74080,74215,43770,0.0354562968215736
2015-04-17,74835.0,76335,74225,74635,64504,0.0345252058165266
2015-04-20,74735.0,74895,74495,74545,86942,-0.0091525654772686
2015-04-21,74720.0,74800,74645,74720,92831,0.0148321617226481
2015-04-22,75225.0,74865,74480,74680,111657,-0.0005011202835873
2015-04-23,75450.0,75290,75020,75100,108090,0.0343925003292664
2015-04-24,85975.0,85900,85515,85630,113074,0.0359091743895159
2015-04-27,84425.0,86060,85545,85645,99589,0.0011468827919519
2015-04-28,85300.0,85690,84260,85445,113940,-0.0163315549674953
2015-04-29,84645.0,85455,85140,85315,160463,-0.012011646343947
2015-04-30,84725.0,84745,84385,84495,641553,-0.0731551626023096
2015-05-04,84540.0,84910,84540,84775,467832,0.0275781201552139
2015-05-06,84235.0,84850,84030,84310,472986,-0.0477506126181736
2015-05-07,84050.0,84410,83870,84200,261776,-0.0035566520356063
2015-05-08,84380.0,84185,83850,83970,272867,-0.0141497956209534
2015-05-11,84315.0,85185,84145,84385,259493,0.0329667166929922
2015-05-12,84160.0,84390,84150,84225,482146,-0.0130020507564609
2015-05-13,84715.0,84870,83925,84550,394383,0.0222690559697406
2015-05-14,85005.0,84815,84435,84605,378294,0.007281737285053
2015-05-15,84625.0,85095,84470,84655,302932,0.0039971879387047
2015-05-18,85190.0,85095,84440,84890,314290,0.01447175908755
2015-05-19,85380.0,85410,84915,85135,287140,0.0231092085792286
2015-05-20,85705.0,85550,85170,85370,305791,0.0263479588846267
2015-05-21,85085.0,85755,85060,85220,258169,-0.0141998157319728
2015-05-22,85195.0,85380,84615,84940,228492,-0.024882263592865
2015-05-26,84520.0,86860,84670,86620,287066,0.1572992132824957
2015-05-27,84430.0,84690,83615,83895,239016,-0.21925668025818
2015-05-28,84465.0,84555,83960,84185,236545,0.0252962854627166
2015-05-29,84585.0,84570,84000,84230,222313,0.0034809387336694
2015-06-01,83635.0,85075,83330,83955,256062,-0.0285229884729317
2015-06-02,83050.0,83810,82790,82925,242681,-0.0868915167007602
2015-06-03,82865.0,84115,82345,82800,245733,-0.0166472045116281
2015-06-04,85020.0,83380,82505,83020,249990,0.0216770071548662
2015-06-05,82215.0,85110,82440,82570,255230,-0.0357590067875807
2015-06-08,82695.0,82760,81950,82555,227415,-0.0058692641820477
2015-06-09,82810.0,82875,82485,82600,235832,0.0053443407295144
2015-06-10,82190.0,83245,82090,82275,276072,-0.0312525812840851
2015-06-11,82305.0,82335,81865,81995,247725,-0.0236022073856216
2015-06-12,81670.0,82560,81720,81935,231775,-0.006584144477866
2015-06-15,81625.0,81885,81335,81550,210581,-0.0349138387729428
2015-06-16,81475.0,82050,81165,81720,200621,0.0094834292131926
2015-06-17,81640.0,81620,81365,81495,186699,-0.0211671361022752
2015-06-18,81535.0,82000,81270,81575,207657,0.003392474396737
2015-06-19,122750.0,122270,121835,122075,206212,-0.0150535677055604
2015-06-22,122920.0,123020,122375,122675,307864,0.0619702034752326
2015-06-23,123120.0,123160,122480,122870,284146,0.0221104674301858
2015-06-24,123285.0,123360,122890,123160,262104,0.0245047447485442
2015-06-25,123560.0,123530,123060,123385,291172,0.0218799629801176
2015-06-26,243495.0,247575,246570,247435,325025,0.0801381034515582
2015-06-29,242100.0,244220,242560,243175,335175,-0.4107936090062837
2015-06-30,245250.0,242530,241330,241945,330225,-0.1172814758272138
2015-07-01,248710.0,246075,244635,245460,48041,0.373504463289411
2015-07-02,249105.0,249490,248475,248865,65494,0.3293286179622035
2015-07-03,248245.0,249585,248285,248970,61600,0.0109662532728666
2015-07-06,291045.0,292320,286785,288295,53820,-0.064150135245424
2015-07-07,281895.0,291365,278445,281170,59518,-0.6388167660326605
2015-07-08,279835.0,283530,279895,282285,122714,0.0980057700328935
2015-07-09,282930.0,282375,278400,281140,74610,-0.0956548793061637
2015-07-10,282830.0,283580,281140,282215,98260,0.1210431372802025
2015-07-13,285335.0,284375,282285,284025,52301,0.1723442209483875
2015-07-14,286370.0,285940,284250,284990,88619,0.0889343206410432
2015-07-15,287420.0,287375,285450,285920,135266,0.0933115018581472
2015-07-16,286780.0,288245,286690,287705,108866,0.1706907949164254
2015-07-17,287580.0,287125,285680,286295,112822,-0.1567304677574925
2015-07-20,288785.0,288350,287045,288035,86753,0.1562030324094613
2015-07-21,287995.0,289900,287370,288960,118775,0.1030698116992608
2015-07-22,286955.0,289030,287060,287740,139199,-0.1202349020596296
2015-07-23,286770.0,287945,286515,287540,119848,-0.0328545140093837
2015-07-24,286405.0,287560,286155,286855,170114,-0.0884738647854942
2015-07-27,285065.0,287350,285660,286305,238108,-0.0571595491799236
2015-07-28,287165.0,287350,283540,286425,268555,-0.0146380451016992
2015-07-29,282210.0,287460,283615,284040,255599,-0.2051212061554036
2015-07-30,281540.0,284430,280915,281930,249034,-0.2054952204854672
2015-07-31,291335.0,295815,289860,294635,370350,0.2659608672187561
2015-08-03,291075.0,292015,289555,290085,184616,-0.4141620674015085
2015-08-04,292450.0,292125,290130,291475,277729,0.1285283262935931
2015-08-05,294100.0,293895,291945,293340,236662,0.2102596384906775
2015-08-06,292790.0,294985,293260,293840,447053,0.0503250851982828
2015-08-07,292275.0,293450,292305,293000,376753,-0.0965623596661504
2015-08-10,289885.0,296350,291185,291605,1127572,-0.1732065789499069
2015-08-11,287635.0,293895,287785,288555,1483829,-0.2632288689960012
2015-08-12,287030.0,289695,283840,286080,1744405,-0.2946588102325453
2015-08-13,405475.0,406825,400340,405145,1622808,0.5575705373983445
2015-08-17,402430.0,406675,404235,405275,808976,-0.0317724155912663
2015-08-18,394595.0,403135,399000,399850,1302708,-0.5661349823541993
2015-08-19,391600.0,395585,390490,393400,1636807,-0.7593951816867451
2015-08-20,383580.0,393840,390145,391295,1475955,-0.2605849139838729
2015-08-21,384955.0,391470,382440,389865,1340499,-0.225302124853206
2015-08-24,388285.0,391150,381870,385655,1352746,-0.6044485927197533
2015-08-25,393790.0,393060,385650,391730,1312695,0.6291235005282151
2015-08-26,399135.0,398320,391465,396065,1786894,0.5467598703695218
2015-08-27,399420.0,403440,396130,400170,1784613,0.4752041722068557
2015-08-28,394730.0,400725,397685,398850,909162,0.1466294812265918
2015-08-31,397285.0,401145,394095,399115,795339,0.0473014288642322
2015-09-01,393480.0,399210,394200,394855,1421898,-0.3601663316637595
2015-09-02,395225.0,395490,391390,393810,1267331,-0.1479192883901344
2015-09-03,390545.0,395930,392510,393120,3327745,-0.0498943425704414
2015-09-04,385170.0,391605,384015,385040,3175488,-0.8948023345759841
2015-09-07,389170.0,388080,382590,385745,2662133,0.0696626115638095
2015-09-08,386890.0,389940,381445,382430,4385453,-0.394194869824864
2015-09-09,391090.0,390360,385445,388545,3674306,0.8827154556860979
2015-09-10,392845.0,394445,389835,393285,4055159,0.5131596016505792
2015-09-11,394630.0,394595,391930,393720,4188723,0.0750161976530769
2015-09-14,394570.0,396660,391330,393675,4094690,-0.0698023192930555
2015-09-15,397535.0,395415,393045,394295,3794577,0.0740762789807451
2015-09-16,400075.0,399980,396990,399275,3921459,0.5800631455327363
2015-09-17,397085.0,401350,396090,396905,3326534,-0.1487887718153554
2015-09-18,400375.0,401500,396410,400545,3079053,0.3736610404281262
2015-09-21,399815.0,401500,398045,399280,4168198,-0.1747925837388954
2015-09-22,399390.0,401445,398210,399945,3825780,0.1201772895336701
2015-09-23,398190.0,400835,396515,397660,3857831,-0.3098581066361574
2015-09-24,397500.0,399320,396830,398060,3334867,0.0199428703747455
2015-09-25,394465.0,398860,394700,395640,3880550,-0.2563809593087244
2015-09-30,399645.0,396980,393275,395940,3550517,-0.0236500898700874
2015-10-01,400670.0,400590,398270,399490,3087416,0.4316498405475307
2015-10-02,401190.0,401835,399815,400630,4075472,0.08479214678894
2015-10-05,402090.0,403105,400370,401850,2641218,0.1690703390372721
2015-10-06,399485.0,402640,399680,400565,2832082,-0.0864636478637763
2015-10-07,397250.0,399900,395865,396345,3171890,-0.3816647236362371
2015-10-08,396245.0,398420,393920,395760,2829086,-0.0341439145606006
2015-10-12,395905.0,397625,394225,395385,3560341,0.0444418726697996
2015-10-13,394405.0,397385,393430,395470,2444406,-0.0300913448021945
2015-10-14,394430.0,395185,392950,393450,2524823,-0.2248955001385753
2015-10-15,396160.0,396865,393700,395575,2621322,0.2534700086340715
2015-10-16,397120.0,397555,395375,396685,2978013,0.1515476466205805
2015-10-19,397170.0,398490,395575,396720,3600177,0.0195398168510856
2015-10-20,400605.0,398720,396575,398305,2941435,0.143525960406178
2015-10-21,397845.0,401490,398970,399620,3362835,0.1485769327297563
2015-10-22,398960.0,399075,395895,396515,2997519,-0.3674999059598315
2015-10-23,400150.0,403175,397690,401700,2849362,0.5682346757536906
2015-10-26,400975.0,401280,399365,400030,2765770,-0.0850200957928735
2015-10-27,399855.0,401670,399655,400310,3241134,-0.0229681708007323
2015-10-28,400330.0,403915,399065,402995,2444835,0.3056464102638376
2015-10-29,448430.0,454805,448710,453575,1944556,0.1206986666769629
2015-10-30,450585.0,449470,446050,447245,5152015,-0.5225804712113016
2015-11-02,449465.0,451270,446300,447385,2416520,0.0089864420082031
2015-11-03,451610.0,451195,447995,450010,7137239,0.2804413371701352
2015-11-04,451745.0,455795,449585,454280,3322014,0.5008388981985818
2015-11-05,455580.0,452940,449800,451200,4363532,-0.2590698896083196
2015-11-06,455230.0,459440,453670,457485,5386423,0.5851613320759634
2015-11-09,447840.0,456160,448115,449305,3945749,-0.7768206638789219
2015-11-10,445520.0,449685,443040,445335,3692873,-0.4527101398426797
2015-11-11,446415.0,447270,443490,445565,4505539,0.016446578212753
2015-11-12,444730.0,448095,445345,446550,4953339,0.0851953497855543
2015-11-13,442950.0,446865,443090,445765,5513298,-0.1431042866352913
2015-11-16,446445.0,445875,441475,443615,4781682,-0.2761426719640838
2015-11-17,448230.0,448605,444640,447300,7367069,0.4148971041671937
2015-11-18,448955.0,450720,445990,448115,5136539,0.0370215383249976
2015-11-19,450285.0,451520,446990,450025,8216131,0.2491252567680498
2015-11-20,453200.0,452450,449280,451510,5965193,0.1679223469292603
2015-11-23,455795.0,456460,452290,455440,6388574,0.3557778218007361
2015-11-24,456130.0,457570,454200,456125,6059297,0.1082802443303424
2015-11-25,456215.0,457565,453965,454795,7941324,-0.0784716942160796
2015-11-26,456665.0,457955,454700,456220,6098905,0.1580520153562917
2015-11-27,454500.0,458320,454510,456175,7325351,-0.0591127389154876
2015-11-30,455125.0,455590,451320,453170,7238996,-0.3770591979974481
2015-12-01,456360.0,457520,453325,455685,8389008,0.296593624910254
2015-12-02,453280.0,457655,454230,455230,6904448,-0.0532623565876107
2015-12-03,450470.0,455155,451155,453330,5823696,-0.2227096470777997
2015-12-04,452435.0,452505,449395,450865,5299302,-0.2345165915005434
2015-12-07,449730.0,453210,448815,450275,5607223,-0.1265570756239439
2015-12-08,448535.0,450970,446415,447620,4908606,-0.3759266669654465
2015-12-09,447145.0,449670,445780,446935,6556398,-0.0645053496337519
2015-12-10,593490.0,595415,588590,592770,5148781,-0.2379926312621059
2015-12-11,586915.0,594380,590380,591225,4916632,-0.1975496938971681
2015-12-14,586880.0,589370,584195,585835,2987959,-0.6653831125820789
2015-12-15,589920.0,587880,584065,585735,7320864,0.0144323451893466
2015-12-16,595595.0,592715,588530,591405,6237516,0.6720365952598001
2015-12-17,593715.0,600695,593115,595395,6072032,0.3630540415560265
2015-12-18,594785.0,597255,591980,595770,4698908,0.0388525717232536
2015-12-21,596350.0,597870,592510,594620,5924116,-0.1210727998538555
2015-12-22,597735.0,597590,593135,595110,6556036,0.0711889713627384
2015-12-23,597965.0,599355,595905,596975,3924492,0.2091978967330102
2015-12-24,603710.0,609460,605250,606155,4536710,-0.0236935993500951
2015-12-28,602545.0,605505,600460,602375,5936629,-0.3973267669021174
2015-12-29,607900.0,607130,601365,606375,4555769,0.3646792567601793
2015-12-30,604350.0,609540,606480,607630,4377652,0.1556770565028136
2016-01-04,601040.0,607255,600520,602390,3739075,-0.5602170213048491
2016-01-05,604810.0,604700,598915,602510,4103660,-0.0601415601680061
2016-01-06,606020.0,609935,601105,606930,3927270,0.3827167719266652
2016-01-07,599135.0,609300,599840,603205,3867265,-0.6549086761704106
2016-01-08,601220.0,604740,596520,602825,2604923,0.014651559098564
2016-01-11,600915.0,604705,598155,599920,1912553,-0.4391189730970984
2016-01-12,603025.0,603310,598095,600670,4847670,-0.1185828664723626
2016-01-13,600085.0,606840,601610,605370,4259567,0.5635048247476845
2016-01-14,603510.0,603000,597090,600315,2960226,-0.6382273686448654
2016-01-15,599960.0,605575,597765,599520,3970352,-0.0521003881792247
2016-01-18,600215.0,605245,595665,601120,18116671,-0.069949502474045
2016-01-19,599990.0,603390,596835,600550,4892599,-0.0004059622012388
2016-01-20,596665.0,603315,592240,596595,8484266,-0.6158328876112815
2016-01-21,598840.0,600820,593740,598565,4724185,0.1445890009379382
2016-01-22,599375.0,601770,594020,597055,3726184,0.2459487819864261
2016-01-25,600440.0,602980,598245,601070,4078270,0.6946182023568677
2016-01-26,602185.0,603530,596820,600435,7205155,-0.4158289517370008
2016-01-27,598195.0,604550,598010,600445,4228519,0.2394274423474801
2016-01-28,598860.0,601155,596600,600115,4555391,0.0693948024930121
2016-01-29,604265.0,601420,596290,599725,5729869,0.1325489513828241
2016-02-01,605075.0,607085,601790,604790,8502486,0.5334286089235611
2016-02-02,603130.0,607990,602595,605275,4917868,-0.0487983137544897
2016-02-03,603850.0,605735,600435,603670,6417801,-0.3590598655815204
2016-02-04,604975.0,606615,599430,603760,7343926,0.3940549620404371
2016-02-05,598110.0,606150,601245,603190,3205314,-0.0729212818008979
2016-02-11,603290.0,609610,603515,605430,3896049,-1.2715333660030348
2016-02-12,597455.0,605495,587075,593325,3267971,-1.201393799444696
2016-02-15,598400.0,599450,592075,595085,5760494,0.5523760567806589
2016-02-16,605340.0,602195,595665,599915,5131982,0.7206982373270143
2016-02-17,602215.0,606990,595965,598615,3408425,-0.324288759980816
2016-02-18,603245.0,606320,599615,603800,3275052,0.7196530306302756
2016-02-19,607235.0,606950,601445,605685,4728074,0.2348380662174246
2016-02-22,610235.0,610460,603640,607465,2904586,0.1768946083503459
2016-02-23,606570.0,614920,604385,609825,3640580,0.1848454030367285
2016-02-24,607530.0,608625,603345,605860,3479632,-0.3765868789896444
2016-02-25,608855.0,610185,604700,607440,2783114,0.2633365807073547
2016-02-26,627895.0,630075,625425,627015,3767191,0.0488319082384603
2016-02-29,633460.0,630330,624555,627395,3820029,-0.0183519696659003
2016-03-02,636775.0,636425,630790,634430,3980547,0.9024261152675952
2016-03-03,637170.0,639390,632995,636685,3885316,0.3363537751392843
2016-03-04,637455.0,638700,633160,635870,3175933,-0.0002239720023764
2016-03-07,639050.0,640715,633265,636835,3400974,0.2622608148100951
2016-03-08,635140.0,641075,632800,635475,3722400,-0.140502852951333
2016-03-09,638015.0,637845,632735,635665,2386261,0.019383278366092
2016-03-10,638815.0,640275,635205,638395,2825479,0.3537600605004068
2016-03-11,641035.0,640755,634860,637440,3245904,-0.0948780664530603
2016-03-14,637670.0,642200,635830,637340,3154209,0.0080880048268783
2016-03-15,636160.0,639260,633875,635905,2961427,-0.1957223732312366
2016-03-16,639145.0,638680,632845,635280,2333511,-0.0421073653714911
2016-03-17,663250.0,662775,656605,659555,2156915,0.454897127187935
2016-03-18,663955.0,665430,659135,661470,2696486,0.2343486229185004
2016-03-21,663075.0,666020,659115,661560,2575644,-0.0446196089116933
2016-03-22,662480.0,664925,659465,661845,2575857,0.0715306235975568
2016-03-23,659395.0,664045,659645,661195,1669402,-0.0591718567733258
2016-03-24,657865.0,660990,655280,657935,2442391,-0.3702902751701794
2016-03-25,659720.0,661200,655425,658540,1780473,0.0388836103411034
2016-03-28,658565.0,661210,655935,657340,2069740,-0.1234611941762254
2016-03-29,661970.0,661025,655145,658390,2091698,0.0940924635366993
2016-03-30,663135.0,664345,658360,661615,2176964,0.2840954873066308
2016-03-31,660495.0,664140,658220,660110,1868901,-0.1690741444248072
2016-04-01,658930.0,662870,654325,657775,2505855,-0.2378870271133228
2016-04-04,658925.0,661280,655520,658625,2471341,0.034711953163762
2016-04-05,656865.0,660845,654880,657800,2402496,-0.1146314857216746
2016-04-06,658615.0,659165,653860,656655,1642841,-0.0371290317937356
2016-04-07,655255.0,660670,655480,658060,2327724,0.2253522106765569
2016-04-08,658485.0,658280,652220,656125,1806930,-0.1693880032818566
2016-04-11,656670.0,660190,653630,656195,2668224,0.0718311096572218
2016-04-12,663315.0,658545,653455,656040,4420173,0.0122571852872479
2016-04-14,664010.0,667000,658390,662890,5696557,0.7327551623862094
2016-04-15,660750.0,665880,660160,662430,3835954,-0.0201674583446996
2016-04-18,664110.0,664250,656890,661260,3232523,-0.1432818549385052
2016-04-19,664280.0,666205,659635,662385,2703954,0.1909334063548519
2016-04-20,663460.0,667030,657995,660695,3593383,-0.1345799564115365
2016-04-21,663300.0,666685,659475,664420,2739036,0.4187021332266802
2016-04-22,723365.0,725780,719635,722670,3584017,-0.2256173860584991
2016-04-25,722445.0,725270,719470,722875,2947708,0.0193983245038998
2016-04-26,724555.0,725140,718205,720985,2560702,-0.1348176065749642
2016-04-27,725595.0,727005,720445,723045,5004507,0.1655317304049302
2016-04-28,723105.0,727310,720910,722645,4561580,-0.0635861485541196
2016-04-29,720890.0,724920,718530,721940,2884148,-0.1097858368559993
2016-05-02,718590.0,722390,716610,718280,3181941,-0.3603897517263209
2016-05-03,715210.0,722915,715115,720095,2407006,0.2247447948087948
2016-05-04,715475.0,717195,711935,714320,3932805,-0.4879062021384422
2016-05-09,711315.0,717610,710350,713220,3023925,-0.1519161638267392
2016-05-10,717370.0,715005,708270,713045,2255258,0.0970826195755856
2016-05-11,717620.0,719040,714110,716825,2912218,0.3319288043898376
2016-05-12,719455.0,721010,714765,719120,2985356,0.1519347545384063
2016-05-13,717790.0,721230,715335,717865,2327634,-0.138798663726472
2016-05-16,720845.0,720525,713765,717705,3665372,-0.0323104704743189
2016-05-17,717670.0,722265,716315,718545,2484256,0.0010224457504657
2016-05-18,714470.0,718945,712620,715045,5192405,-0.3956878638732126
2016-05-19,712075.0,715750,708220,710550,2938568,-0.3890670448145603
2016-05-20,714535.0,715190,710305,713530,3641941,0.2381918166097403
2016-05-23,715105.0,716895,711700,714515,3422123,0.184931599061692
2016-05-24,717420.0,715865,710155,711525,2415484,-0.3037704128372644
2016-05-25,718895.0,719375,714565,716885,2735018,0.489240629301167
2016-05-26,718170.0,720935,715315,717375,2399042,-0.0100075573231129
2016-05-27,761570.0,762380,757110,760420,2631984,0.2452603643677453
2016-05-30,762805.0,764055,757850,761550,2929459,0.1250330908183178
2016-05-31,764420.0,767115,760395,765820,2216261,0.4116290235714945
2016-06-01,764260.0,766865,761070,763645,1465826,-0.129098661336268
2016-06-02,764160.0,765955,761045,763195,1637250,-0.0724411663354028
2016-06-03,765470.0,765875,761140,763440,2080414,0.0156159801455375
2016-06-07,769435.0,768355,763245,766440,2091493,0.2943380727048008
2016-06-08,774995.0,772450,765895,770750,2705209,0.3420219680476737
2016-06-09,771895.0,776755,771215,773560,4011987,0.197774466431158
2016-06-10,764565.0,773730,767905,770700,2307909,-0.1475446209947714
2016-06-13,757385.0,766285,758915,761375,2151089,-0.7959824967942098
2016-06-14,754775.0,759100,753050,756705,2487528,-0.4893733409643164
2016-06-15,754495.0,756565,750635,753425,2502151,-0.3055647706612374
2016-06-16,750055.0,755950,747940,750020,2498047,-0.3265884056155356
2016-06-17,754215.0,752785,745710,748150,2326146,-0.1379948376829541
2016-06-20,757855.0,757300,749815,754555,2593587,0.5760898390890091
2016-06-21,758515.0,760020,754140,756985,2253896,0.2111348272692247
2016-06-22,758290.0,761345,755975,759205,2289325,0.2009572694619702
2016-06-23,758555.0,759440,754700,757180,2353203,-0.1262288016127098
2016-06-24,736365.0,764715,733610,744255,5450388,-1.2289884137462384
2016-06-27,735855.0,743335,734305,740900,3272383,-0.3209345011543348
2016-06-28,744665.0,741815,733520,739560,3830078,-0.0900360143532637
2016-06-29,753730.0,749765,742135,746925,3208709,0.7236527388963203
2016-06-30,754060.0,755030,749780,751970,3351265,0.4295614471543598
2016-07-01,807600.0,806730,801215,804205,2641920,0.365163838415131
2016-07-04,808625.0,811400,804550,808580,2455670,0.3460755371609126
2016-07-05,800495.0,810205,804535,806690,2069517,-0.0934689026107588
2016-07-06,801610.0,802555,793760,797355,2578290,-0.879209085668056
2016-07-07,830910.0,835205,830425,833325,2183003,0.4523204165995841
2016-07-08,832260.0,832050,824890,826590,3119508,-0.5530527292133747
2016-07-11,834765.0,835045,829240,832975,1865969,0.6499438900776194
2016-07-12,841335.0,837135,832480,835485,2775155,0.2744645194191117
2016-07-13,839670.0,845470,837145,840805,3182209,0.4993109057791977
2016-07-14,843675.0,841525,836700,839555,2489960,-0.0544223703662161
2016-07-15,841720.0,845330,838335,840190,2548572,0.0572480190391938
2016-07-18,841630.0,843470,839230,841470,2903858,0.1095705014032136
2016-07-19,840120.0,842650,838180,840105,3000598,-0.0700123068580935
2016-07-20,841695.0,841755,837855,839920,2718076,-0.0042928475097541
2016-07-21,836680.0,843385,837985,840140,3588414,0.0145959332840364
2016-07-22,848430.0,849165,844555,846955,2908270,-0.2421448275775559
2016-07-25,845160.0,849570,844575,846040,2419688,-0.0641486559322618
2016-07-26,846925.0,847305,843300,846250,4225052,0.0332097023700414
2016-07-27,844205.0,848375,842115,843870,2836148,-0.2067656926431358
2016-07-28,843070.0,846080,840795,842925,2997332,-0.1093297975734657
2016-07-29,843350.0,844835,839955,841285,3216427,-0.1657015830350379
2016-08-01,839035.0,845485,839365,842010,2066677,0.0411021836282087
2016-08-02,834375.0,840510,835995,837835,2948346,-0.4328664788544491
2016-08-03,836245.0,835765,830850,833335,2904820,-0.4732488578173364
2016-08-04,837645.0,838160,833450,835615,3352960,0.3158548154133678
2016-08-05,839640.0,839540,833500,836165,2730102,0.0274830114960055
2016-08-08,842830.0,842250,837290,840230,2752769,0.4490352241944548
2016-08-09,845080.0,846055,840570,843780,2273294,0.3427647314453433
2016-08-10,845795.0,848390,843105,846315,3137400,0.2553369556274449
2016-08-11,848745.0,847435,842265,844095,2724411,-0.2337136368728687
2016-08-12,874145.0,871700,866245,868805,2575222,0.4859404646911453
2016-08-16,871530.0,876420,870820,872440,3372541,0.304037863443943
2016-08-17,870870.0,872785,867690,869405,3062601,-0.3603580469165623
2016-08-18,872390.0,872780,866970,868665,2774186,-0.0871153084019564
2016-08-19,869955.0,874710,868775,871590,3259942,0.1690621921638665
2016-08-22,866500.0,871525,865780,867735,2978622,-0.3241840287177582
2016-08-23,868820.0,869610,863160,867065,3363820,-0.0100724484494303
2016-08-24,866500.0,870570,865610,867875,3412198,0.1042025208536878
2016-08-25,864875.0,867440,862765,864235,3337057,-0.3398097041469747
2016-08-26,863420.0,866130,862575,864610,3030014,0.0396339281054013
2016-08-29,863295.0,864585,859470,861015,3387521,-0.377526159629042
2016-08-30,861990.0,865240,861240,862945,2833223,0.1547100458719774
2016-08-31,858685.0,863680,858405,860470,2761885,-0.240751296612114
2016-09-01,858950.0,861010,856140,859675,3383420,0.0220723909613229
2016-09-02,862305.0,860855,856110,858490,3459839,-0.041341351803858
2016-09-05,865450.0,865305,860375,863090,2910629,0.4180813157213109
2016-09-06,864505.0,867415,862195,864495,4566078,0.1003509000950842
2016-09-07,864620.0,866385,860985,863220,3600883,-0.1524822186951669
2016-09-08,864935.0,866360,861905,864055,3264082,0.0695477370560083
2016-09-09,849300.0,865715,861340,862525,2576075,-0.1723027526610455
2016-09-12,853910.0,851995,846085,848760,3159607,-1.2009168617797243
2016-09-13,846155.0,854825,850225,851935,2099255,0.26489187439308
2016-09-19,848045.0,849400,844150,847915,3294661,-0.2981711687842259
2016-09-20,850885.0,850665,845855,849485,4050471,0.183584696052773
2016-09-21,858360.0,853400,849090,852370,3321626,0.2698537561934574
2016-09-22,862195.0,861315,856045,858390,4716538,0.6044795491556209
2016-09-23,859735.0,863590,859870,861615,3201080,0.3069408434713693
2016-09-26,857670.0,861270,857680,859155,2783126,-0.1796090432252436
2016-09-27,860305.0,862145,854700,860615,2560769,0.1410517271576037
2016-09-28,863585.0,861445,857500,858730,3488005,-0.1444550819115726
2016-09-29,861885.0,867245,861580,865180,4264162,0.5874492690403882
2016-09-30,860490.0,863880,855885,858210,4308466,-0.6949426131351082
2016-10-04,860190.0,862900,858010,860720,4179542,0.2490229215823442
2016-10-05,861765.0,862310,857465,859880,2861635,-0.0926846263703449
2016-10-06,861680.0,862640,858280,859655,2027100,-0.0605212346096276
2016-10-07,857345.0,862610,857685,858885,2205235,-0.1430642138405531
2016-10-10,863740.0,859845,855705,857995,2087787,-0.025434791562471
2016-10-11,858115.0,865260,860725,862160,2594548,0.2988506897735929
2016-10-12,856920.0,860095,856360,858515,2354656,-0.2999343089961075
2016-10-13,853875.0,858095,852035,853555,2420451,-0.4338705273073263
2016-10-14,854485.0,856115,851265,853625,2751041,-0.0591317890347876
2016-10-17,852505.0,855845,850520,852855,2222889,-0.0645003379719348
2016-10-18,856500.0,855430,850860,853975,1895633,0.064359068361794
2016-10-19,858110.0,857810,854085,855640,2090555,0.1662605179017414
2016-10-20,856265.0,859620,855795,857375,1932284,0.1324107746424855
2016-10-21,855650.0,857615,853350,854955,3583471,-0.1951080333422464
2016-10-24,857080.0,857775,853350,855985,2216278,0.0606976891075093
2016-10-25,850730.0,858230,852425,854530,2465143,-0.2131488056250429
2016-10-26,889450.0,892235,885870,888535,2292369,-0.4658429496284548
2016-10-27,890305.0,891790,886950,890175,1943817,0.2617725926214845
2016-10-28,942485.0,951220,946010,947050,1975212,-0.404262963852644
2016-10-31,938545.0,944150,939600,941550,3762129,-0.5608227193124157
2016-11-01,935160.0,941615,935780,939485,3374281,-0.1624701511148082
2016-11-02,929620.0,937210,930480,932695,4477186,-0.7926229509789153
2016-11-03,930235.0,933845,927710,932245,4125249,-0.0305636822317925
2016-11-04,931735.0,931740,927125,928915,4152786,-0.3244305792352356
2016-11-07,937305.0,934715,929240,932810,4387164,0.4615617415874985
2016-11-08,937590.0,939150,934770,937710,2728094,0.5107383695434572
2016-11-09,941700.0,943270,916730,925895,5041478,-1.2827300017751155
2016-11-10,943845.0,945605,937805,942895,4477899,1.9071295061708933
2016-11-11,942720.0,945790,939535,942330,2826411,-0.135158491154524
2016-11-14,943600.0,946085,938940,942425,2773875,0.0092678594127527
2016-11-15,947785.0,946625,940215,943415,1764637,0.0581683666221823
2016-11-16,947530.0,950295,944465,947855,4239448,0.5266934995100551
2016-11-17,948255.0,948735,944275,946810,1634476,-0.0832175332259154
2016-11-18,945400.0,949040,943335,945090,1575519,-0.2466253345788813
2016-11-21,949680.0,948710,941890,945135,3267532,-0.1138688392885259
2016-11-22,951090.0,952535,946825,950485,4469562,0.4388345853129369
2016-11-23,951640.0,953965,948180,950800,3640284,-0.0067638072553139
2016-11-24,949255.0,953240,947430,949265,2812998,-0.2484375868936164
2016-11-25,947860.0,952090,946105,949275,2543745,0.0271792320794998
2016-11-28,947105.0,951625,943785,948295,3083310,-0.0808396533398314
2016-11-29,947720.0,951320,944260,949160,3149522,0.1201943239259471
2016-11-30,950890.0,949765,943280,946275,3534308,-0.2183705286538884
2016-12-01,959550.0,965145,956530,961285,4396094,0.3688466563923486
2016-12-02,957965.0,963435,954780,959015,4238770,-0.3008980546577755
2016-12-05,958540.0,959655,954455,956680,3490290,-0.311612319415442
2016-12-06,963765.0,964320,956320,962310,2865708,0.5775897746344054
2016-12-07,966145.0,965130,958605,961305,3667121,-0.1194399179543173
2016-12-08,971265.0,971110,963830,969320,3553154,1.0476178326380094
2016-12-09,980860.0,975140,968600,973165,2727242,0.2563339986492498
2016-12-12,975800.0,983075,975230,978255,3084402,0.4491705635623826
2016-12-13,977970.0,978320,973085,976325,2538739,-0.016509488965515
2016-12-14,971475.0,979490,974895,976860,2667352,0.087063463212603
2016-12-15,974335.0,975425,968210,973055,2098434,-0.1861397901922846
2016-12-16,975215.0,976155,971700,973905,2258331,0.0696549424492591
2016-12-19,975015.0,976905,972515,974495,2540906,-0.0112026928536546
2016-12-20,976780.0,976250,972065,973460,1911722,-0.0671817224839503
2016-12-21,974140.0,978720,974170,976050,2127382,0.1345874746520089
2016-12-22,973135.0,975605,971215,972865,1899861,-0.2546652195957969
2016-12-23,974025.0,974745,970685,973070,1757925,0.0528047163117733
2016-12-26,974955.0,976430,971950,974825,1595837,0.1284214809580018
2016-12-27,976315.0,976725,973075,975000,1469692,0.0326046838300587
2016-12-28,973395.0,977935,973890,976095,1689311,0.0928369651675903
2016-12-29,985625.0,985950,981430,984185,1822964,-0.1983330227327991
2017-01-02,988060.0,987960,982250,985395,1411690,0.0635605062126219
2017-01-03,995690.0,990810,984515,987635,1574870,0.1794893196648588
2017-01-04,993030.0,1004395,993835,1002820,1796496,1.1847632414205982
2017-01-05,992970.0,995355,990435,992730,1565757,-0.3526428945667067
2017-01-06,991670.0,994815,990315,992605,1558013,-0.0140744526212513
2017-01-09,988230.0,995700,988805,992915,1371161,-0.0543594056830501
2017-01-10,986940.0,989505,985145,986905,2419610,-0.5070667753990434
2017-01-11,991125.0,990450,983990,988180,2182401,0.2008580881225253
2017-01-12,991600.0,998470,988630,996370,1529382,0.54063651111356
2017-01-13,988795.0,994485,989115,992095,2334770,-0.1030587637948244
2017-01-16,990970.0,993380,985055,990530,1653207,-0.0907017003920666
2017-01-17,989725.0,993985,988345,991400,1246213,0.0557892593535169
2017-01-18,990015.0,991745,986940,989785,1667921,-0.1406613403557469
2017-01-19,987290.0,991880,986665,988750,1766474,0.0028796488194729
2017-01-20,987270.0,988985,984955,986565,1569248,-0.191675874600616
2017-01-23,979655.0,989835,984375,986830,2012281,-0.0459699535781034
2017-01-24,987185.0,987325,976820,984760,1328416,-0.23718857446203
2017-01-25,988410.0,990435,982180,986060,1328890,0.0242674634248669
2017-01-26,985980.0,991745,986200,990095,1384045,0.4033417703340543
2017-01-31,986220.0,987685,982570,984640,1558501,-0.4475912172656699
2017-02-01,988205.0,988850,983970,987265,1573488,0.3308991748379946
2017-02-02,987150.0,990435,985680,987780,1852295,-0.0166456958102111
2017-02-03,989130.0,988720,983780,985700,1606297,-0.1721507350759693
2017-02-06,987185.0,990945,986255,988735,1512828,0.3114861775246493
2017-02-07,985300.0,989295,984965,987355,1712536,-0.0277974704617933
2017-02-08,986540.0,987120,981600,984520,2960378,-0.2290235033841575
2017-02-09,991915.0,988725,984550,987105,1566347,0.1908835044347382
2017-02-10,995525.0,994280,989725,992475,1729835,0.454291785253639
2017-02-13,997325.0,997670,993905,996545,2344492,0.3581405014749942
2017-02-14,997035.0,998800,993460,995325,1997264,-0.0874189268904025
2017-02-15,999930.0,999960,995330,998420,1671884,0.3543725233432514
2017-02-16,999125.0,1001460,996705,998770,1686691,0.0180927894037836
2017-02-17,999870.0,1001500,997110,999235,1990272,0.0318098745866851
2017-02-20,1000915.0,1001405,996890,998845,1940297,-0.0732770587062725
2017-02-21,1005685.0,1004075,999225,1002410,1736389,0.3611716038313121
2017-02-22,1004610.0,1007090,1002925,1004890,2184702,0.1909458034170821
2017-02-23,1003940.0,1005950,1001990,1003840,1629811,-0.0301980700233402
2017-02-24,1001650.0,1007595,999990,1003960,2396665,0.1751220371089622
2017-02-27,1002535.0,1003835,998570,1001135,1694287,-0.3040355405446137
2017-02-28,1007380.0,1003890,999425,1001905,1628395,0.0450046091307718
2017-03-02,997935.0,1008735,1001320,1002770,1873285,0.0498327209282967
2017-03-03,995305.0,999225,993240,995410,2700151,-0.727515359587186
2017-03-06,995430.0,997540,992120,995830,1868882,0.0710189763827076
2017-03-07,995830.0,998675,993440,996905,1543130,0.1193923163631614
2017-03-08,990735.0,996940,993290,994800,1631164,-0.1647348051838037
2017-03-09,989875.0,993415,988375,991010,3323672,-0.1919499169981034
2017-03-10,990500.0,992310,986605,989910,2577282,-0.0444580613275159
2017-03-13,993030.0,993350,988005,990860,2683613,0.1127397481927468
2017-03-14,992870.0,994635,990500,992435,1628263,0.103535480686256
2017-03-15,996005.0,994090,988945,990375,1705530,-0.2447863172547766
2017-03-16,997610.0,998675,993545,996090,2186723,0.5164993520255001
2017-03-17,996360.0,999180,994220,996140,1678961,0.0629072168144282
2017-03-20,996245.0,997155,993110,994300,1638987,-0.2001798530714004
2017-03-21,991185.0,999050,993985,997205,1920705,0.2906177374457067
2017-03-22,992420.0,993575,988065,990320,2281551,-0.5669985164525198
2017-03-23,1003260.0,1004480,999835,1001875,1621399,0.1609453484168876
2017-03-24,1002310.0,1005550,1001030,1003455,1651099,0.1893203406255841
2017-03-27,1002665.0,1004765,997900,1000615,1890775,-0.2591735994418565
2017-03-28,1007085.0,1004800,1000515,1003165,1634989,0.2544345937304782
2017-03-29,1007845.0,1008715,1003815,1006590,1435602,0.2818012352941367
2017-03-30,1008580.0,1009760,1004430,1006450,1994581,-0.0404985295404006
2017-03-31,1011395.0,1011460,1006590,1009495,1691948,0.334125713940741
2017-04-03,1009490.0,1013435,1008750,1011445,2216598,0.2318743283115891
2017-04-04,1009890.0,1010845,1006450,1008360,1550616,-0.2596105331382008
2017-04-05,1007330.0,1012500,1006825,1009620,2894173,0.05855356089114
2017-04-06,1010755.0,1008800,1004520,1007190,1609787,-0.1930677470651015
2017-04-07,1003140.0,1014395,1006800,1010710,3114906,0.2580983614251398
2017-04-10,1007485.0,1011055,998755,1007010,1729064,-0.409983443004033
2017-04-11,1008795.0,1009820,1004515,1007150,1691893,0.0182187058573555
2017-04-12,1007180.0,1010505,1006730,1008600,1848392,0.0835484965472998
2017-04-13,1005690.0,1010005,1003580,1007460,1527881,0.0002945918804039
2017-04-14,1003500.0,1007455,1002965,1005135,1501071,-0.2024203185910344
2017-04-17,1009395.0,1007615,1001290,1005915,1418361,0.1819532206579311
2017-04-18,1006030.0,1010725,1005695,1008095,1455912,0.2102698836667857
2017-04-19,1004110.0,1007820,1003300,1005490,1538802,-0.1880199850650239
2017-04-20,1010195.0,1007540,1002390,1006405,2078195,0.1840993717659003
2017-04-21,1011160.0,1011825,1007890,1010270,1780546,0.3562013717434199
2017-04-24,1012435.0,1017990,1007375,1015125,2102419,0.2046385803027759
2017-04-25,1016440.0,1014970,1009210,1012105,2501859,-0.0139658306424799
2017-04-26,1016440.0,1019490,1013765,1016995,1899269,0.4264877909424386
2017-04-27,1015145.0,1017495,1013365,1015250,2067186,-0.1526957916689529
2017-04-28,1013335.0,1016645,1011770,1013385,1830113,-0.2024385149590291
2017-05-02,1012065.0,1015730,1010955,1013620,2685936,0.0403154621522686
2017-05-04,1016895.0,1015285,1010235,1013825,3288928,0.128072595477118
2017-05-08,1022665.0,1021445,1013100,1018465,3394515,0.4905162982932936
2017-05-10,1024015.0,1025525,1017840,1020305,2206031,0.1828612237131173
2017-05-11,1025175.0,1027940,1022110,1026685,2649513,0.6138871910264212
2017-05-12,1024580.0,1027840,1022500,1025300,2324167,-0.1937161502956443
2017-05-15,1026820.0,1027730,1021820,1024790,1860395,-0.038287082430162
2017-05-16,1026245.0,1028860,1024250,1026925,1743175,0.1549089697995371
2017-05-17,1019575.0,1028080,1023220,1025430,1808723,-0.0700660134984335
2017-05-18,1022965.0,1021820,1017435,1020040,1851537,-0.4669049220711874
2017-05-19,1028975.0,1025615,1021650,1024270,2237746,0.3933295365675413
2017-05-22,1031885.0,1031385,1027025,1029375,2296473,0.3874066880448751
2017-05-23,1034665.0,1035290,1029745,1033140,1924940,0.3062534766723154
2017-05-24,1037125.0,1036770,1032330,1034890,2523840,0.166875340877469
2017-05-25,1038330.0,1041880,1035140,1040090,2247925,0.3825416619399793
2017-05-26,1041190.0,1041515,1035325,1038925,2895116,-0.047406758296212
2017-05-29,1039920.0,1042365,1038585,1039840,2342239,-0.0048429244200896
2017-05-30,1049090.0,1051770,1047725,1049710,1680144,0.0441502807559488
2017-05-31,1048685.0,1052305,1046535,1049410,2343608,0.0022107865462622
2017-06-01,1062355.0,1059755,1056580,1058360,1927023,-0.0930637380139818
2017-06-02,1063715.0,1064795,1059000,1061535,2493607,0.2669307873891667
2017-06-05,1060765.0,1066015,1060675,1062980,1953996,0.1883356493743715
2017-06-07,1060515.0,1063655,1058895,1061725,1871903,-0.1269338914112844
2017-06-08,1063895.0,1063305,1057600,1061245,5164975,-0.0646845114277069
2017-06-09,1063380.0,1067000,1061865,1064890,2892381,0.2704315147536709
2017-06-12,1062955.0,1065040,1059750,1061080,2183466,-0.2996556933636556
2017-06-13,1067190.0,1065365,1061285,1063905,1939006,0.2640027373173721
2017-06-14,1062185.0,1068580,1062725,1064325,1909707,0.0666164250283806
2017-06-15,1060255.0,1063865,1058040,1060460,2922136,-0.347828426169008
2017-06-16,1060030.0,1062495,1057395,1059305,2313764,-0.0747901027414641
2017-06-19,1064060.0,1064160,1058505,1062220,1932024,0.210845372390455
2017-06-20,1056500.0,1064710,1059560,1060765,2206034,-0.2109696193436663
2017-06-21,1057495.0,1059890,1054205,1057985,2706202,-0.3114596927340538
2017-06-22,1060300.0,1060985,1054545,1058295,2675429,-0.1358736412522961
2017-06-23,1062080.0,1062495,1057965,1061115,2146310,0.3407687496116873
2017-06-26,1064845.0,1065980,1059540,1063335,2213409,0.144311284391399
2017-06-27,1062585.0,1067335,1062525,1065270,1925661,0.1780394471866221
2017-06-28,1065475.0,1064730,1059590,1061680,2018463,-0.242893494395477
2017-06-29,1062590.0,1068100,1063070,1066175,2355349,0.3950263028167798
2017-06-30,1066035.0,1065580,1060640,1063745,1969391,-0.1861612926359615
2017-07-03,1068380.0,1067725,1062420,1064620,3365532,0.1251936460429898
2017-07-04,1078750.0,1082695,1075930,1078130,4152906,0.1926625275313274
2017-07-05,1077340.0,1081875,1075280,1078815,3622683,-0.0177056026277356
2017-07-06,1072835.0,1079615,1073675,1077255,3873416,-0.1417194428351663
2017-07-07,1074120.0,1074645,1069970,1071845,4084219,-0.4712616380244087
2017-07-10,1071745.0,1075875,1069480,1071660,2837556,-0.103595403948157
2017-07-11,1073720.0,1075790,1067940,1072415,2625150,-0.0393823032070911
2017-07-12,1074650.0,1075835,1069065,1070910,3330743,-0.0597014130969575
2017-07-13,1078525.0,1077995,1071890,1075570,2776991,0.2903652172269488
2017-07-14,1083090.0,1081360,1075265,1078825,3240729,0.306531766673035
2017-07-17,1083005.0,1085895,1079485,1082625,4110188,0.3255145252278731
2017-07-18,1103455.0,1104755,1099385,1102385,1911174,-0.0248601157314795
2017-07-19,1109395.0,1106240,1100570,1103990,1902526,0.170777245896601
2017-07-20,1108920.0,1111505,1106305,1109435,2466504,0.5242734878672212
2017-07-21,1106965.0,1110425,1105985,1108005,1458211,-0.1493244101747325
2017-07-24,1106105.0,1108785,1102660,1105605,2593079,-0.2897134745557022
2017-07-25,1112010.0,1109040,1103595,1105695,1623762,0.0710403542632097
2017-07-26,1110615.0,1114545,1106870,1109465,4147571,0.4321655622462159
2017-07-27,1109660.0,1113145,1107870,1110755,3277187,0.1382892016686814
2017-07-28,1106425.0,1111725,1104410,1106915,3838493,-0.2888392915063887
2017-07-31,1108435.0,1109570,1102285,1106920,3287987,-0.1008450786132796
2017-08-01,1120790.0,1123015,1116275,1120455,2942698,0.25711644373883
2017-08-02,1119635.0,1123055,1118545,1120990,2735193,0.0162549465334644
2017-08-03,1113120.0,1121155,1112520,1114260,2268993,-0.5908625601331666
2017-08-04,1117345.0,1116695,1110045,1113605,2192248,-0.0789907006326799
2017-08-07,1116675.0,1120460,1113905,1117460,2374690,0.3388116364932253
2017-08-08,1153445.0,1158815,1153670,1155670,1695199,-0.1498473343850677
2017-08-09,1152225.0,1155740,1150450,1152825,2435178,-0.1984977391352483
2017-08-10,1141710.0,1155560,1147850,1152060,2705871,-0.0081872886619558
2017-08-11,1164005.0,1165585,1158115,1161495,3718513,-0.8933427319811333
2017-08-14,1166275.0,1166690,1160845,1164055,1855826,0.1282318953066093
2017-08-16,1166645.0,1168190,1162790,1165110,1749406,0.1026688867810944
2017-08-17,1161855.0,1169245,1163815,1166935,2435300,0.129365699706662
2017-08-18,1167650.0,1166065,1159750,1164705,2335378,-0.1674346291624369
2017-08-21,1166225.0,1169585,1164805,1166790,2518960,0.1500093715785438
2017-08-22,1170480.0,1168960,1163875,1167200,2303435,0.0005288561985363
2017-08-23,1170725.0,1172330,1167480,1169700,1798099,0.1392396619245583
2017-08-24,1173915.0,1173455,1168645,1171155,1918842,0.1951459996809356
2017-08-25,1173825.0,1176565,1169110,1172460,2408307,0.0463846803974082
2017-08-28,1193175.0,1197795,1191510,1195155,2902694,0.2655178163047163
2017-08-29,1194745.0,1195150,1190135,1193045,4543783,-0.1902288959906035
2017-08-30,1196005.0,1197165,1192090,1194370,2595307,-0.000488268752061
2017-08-31,1218695.0,1218075,1212435,1214940,6772567,0.0592225337539194
2017-09-01,1213570.0,1221750,1215070,1218165,8500653,0.3593138942611389
2017-09-04,1218070.0,1219665,1211140,1216635,5171843,-0.1620635136630906
2017-09-05,1215195.0,1221015,1212510,1216300,6525613,-0.1159440893154595
2017-09-06,1218410.0,1218290,1211615,1214965,6436062,-0.0924005804559747
2017-09-07,1219190.0,1221375,1215620,1218300,5307001,0.362556399773612
2017-09-08,1217240.0,1221060,1214440,1216840,4484587,-0.1819963400045146
2017-09-11,1223970.0,1221855,1214035,1217605,5603795,-0.01826237695285
2017-09-12,1224805.0,1226215,1219540,1222705,3833456,0.4503853416418994
2017-09-13,1225030.0,1228090,1220320,1224165,4623964,-0.0064882027503071
2017-09-14,1227170.0,1228915,1221510,1225480,5612307,0.207756732555555
2017-09-15,1231310.0,1231185,1222625,1226915,6241656,0.1559768657742363
2017-09-18,1255375.0,1255430,1246930,1251535,5439457,0.3236795898275936
2017-09-19,1255100.0,1258200,1249665,1253095,5471072,0.2140114686342427
2017-09-20,1254240.0,1258120,1249470,1253330,4570545,0.0217462183481883
2017-09-21,1259550.0,1266295,1257135,1260500,5963613,-0.2094751400586728
2017-09-22,1253685.0,1261730,1250510,1253845,5952152,-0.6007980581891726
2017-09-25,1253565.0,1257510,1248520,1252280,4279411,-0.2531710098394446
2017-09-26,1256710.0,1259100,1249155,1255665,9399582,0.3146534210184781
2017-09-27,1297900.0,1299395,1292705,1296715,5863670,0.165679137604239
2017-09-28,1299415.0,1301310,1292890,1297085,6059270,0.1090005854815371
2017-09-29,1307385.0,1303805,1295645,1300175,7009017,0.2758377771824516
2017-10-10,1313235.0,1313360,1303195,1308780,4946237,0.6619029303525327
2017-10-11,1314255.0,1317160,1308450,1312985,7382792,0.276963364601416
2017-10-12,1317410.0,1319280,1310760,1316595,5803205,0.324788104959631
2017-10-13,1321255.0,1322535,1312210,1317030,6297901,0.0880665844180345
2017-10-16,1322790.0,1326055,1315335,1320865,9468232,0.3480193536835302
2017-10-17,1323700.0,1326365,1317450,1322545,5975227,0.174284449502633
2017-10-18,1325780.0,1327955,1319315,1323055,8202112,0.0030216385967766
2017-10-19,1323595.0,1329370,1320490,1324435,8646642,0.1065863863815151
2017-10-20,1328055.0,1328695,1319230,1325190,6715365,0.0769116231795338
2017-10-23,1326035.0,1331090,1323440,1327465,4632550,0.1267880549482563
2017-10-24,1330265.0,1330520,1322505,1327165,4297727,0.0348762068572927
2017-10-25,1326735.0,1332370,1324630,1327675,5158921,0.0358306176284626
2017-10-26,1328955.0,1331360,1322560,1326995,5433015,0.0075038217152403
2017-10-27,1337315.0,1334140,1324810,1330620,5901735,0.2282663163701427
2017-10-30,1334825.0,1339910,1330670,1334595,7664745,0.2646860665981208
2017-10-31,1341115.0,1339025,1330190,1335495,6867064,0.0623885793328056
2017-11-01,1344615.0,1349200,1336525,1343975,8059965,0.503699276269515
2017-11-02,1344490.0,1348045,1339015,1342390,8221641,-0.0754905445313757
2017-11-03,1347030.0,1347945,1340000,1344065,8059374,0.1438277350654911
2017-11-06,1462645.0,1462365,1451070,1458220,12367606,0.2695298379945912
2017-11-07,1461375.0,1467960,1455805,1462025,10861514,0.1805967647336846
2017-11-08,1464230.0,1466945,1456045,1461820,11146289,0.1255799020109993
2017-11-09,1460950.0,1468535,1457775,1461395,7293161,-0.0777680712732944
2017-11-10,1461950.0,1465100,1457295,1461495,6466942,-0.1148597494382835
2017-11-13,1462540.0,1468470,1456270,1462400,5881397,0.2141948520114426
2017-11-14,1458360.0,1466980,1455805,1461160,7023357,0.0146618919879568
2017-11-15,1456260.0,1465155,1445380,1456240,8978610,-0.1801035460908014
2017-11-16,1462675.0,1461090,1449190,1457130,6795211,-0.0711132735826639
2017-11-17,1463545.0,1466545,1454580,1459500,7245018,0.101104602054375
2017-11-20,1465195.0,1472715,1457120,1463715,7417067,0.269541281995764
2017-11-21,1472810.0,1472430,1460070,1466815,6164619,0.0614413875815014
2017-11-22,1470650.0,1478300,1463640,1469525,13653537,0.0346128450555852
2017-11-23,1470295.0,1475505,1463420,1468280,4141885,0.0796934805171296
2017-11-24,1471810.0,1475030,1465250,1469735,4550746,0.0964534164709861
2017-11-27,1463620.0,1475665,1461000,1465465,8024746,-0.2329195775177889
2017-11-28,1463155.0,1468880,1454695,1459670,7694709,-0.3204588049692997
2017-11-29,1462500.0,1467930,1457710,1463350,8140988,0.2245790038381007
2017-11-30,1460825.0,1468060,1454035,1458260,12449999,-0.3023858147204432
2017-12-01,1465395.0,1466325,1455670,1461600,8850009,0.382277813790421
2017-12-04,1462225.0,1472150,1460055,1466640,10805549,0.3589050673519587
2017-12-05,1461630.0,1470825,1456305,1463745,7166461,-0.0814435143428037
2017-12-06,1452510.0,1465575,1450650,1455165,6218276,-0.6641110023197259
2017-12-07,1449235.0,1455855,1442040,1446485,7513045,-0.6081793963489597
2017-12-08,1451890.0,1454805,1444255,1449370,6118633,0.0140349950119174
2017-12-11,1459770.0,1458580,1447805,1455495,5861114,0.4369733986097057
2017-12-12,1456890.0,1464015,1452245,1456500,8465277,-0.0393703470815687
2017-12-13,1458245.0,1463265,1453485,1459775,7440347,0.3644784935903672
2017-12-14,1458365.0,1464510,1452105,1458340,9520714,-0.0173887787829826
2017-12-15,1461305.0,1461295,1453100,1456055,9711289,-0.1490983311340153
2017-12-18,1462675.0,1465965,1455955,1460660,5708324,0.2733323576185862
2017-12-19,1459570.0,1466380,1455835,1461710,8295021,0.0470258268765622
2017-12-20,1459000.0,1463870,1456040,1459185,4458471,-0.3166501611219532
2017-12-21,1458925.0,1464135,1452105,1456850,3964454,-0.3224981264749835
2017-12-22,1460835.0,1462825,1452890,1458960,3978124,0.1779166210109153
2017-12-26,1473040.0,1475645,1465255,1469270,7141481,0.1726625904835258
2017-12-27,1476275.0,1479650,1465200,1472925,6772545,0.1650385323795254
2017-12-28,1483805.0,1484490,1470950,1479860,5536208,0.5687831440628353
2018-01-02,1489950.0,1491310,1478230,1486735,8474922,0.5634922440456309
2018-01-03,1497095.0,1496055,1484795,1490400,5259251,0.3284282123170337
2018-01-04,1494385.0,1503020,1486235,1492730,6085198,-0.0275582655326053
2018-01-05,1513515.0,1502435,1489860,1498180,4725018,0.4755652079579668
2018-01-08,1510180.0,1519390,1497880,1504935,7349669,0.499171671206908
2018-01-09,1515180.0,1516370,1503055,1509450,7889504,0.242790525319142
2018-01-10,1514460.0,1522670,1505690,1514090,6776103,0.3144775236298121
2018-01-11,1522320.0,1519770,1508265,1515035,6301484,0.0756328304290472
2018-01-12,1530700.0,1531100,1512815,1521345,8659373,0.3501310884840105
2018-01-15,1534540.0,1538140,1522190,1532635,5887330,0.569005627217379
2018-01-16,1532540.0,1540390,1526915,1533605,7712301,0.0743966809169745
2018-01-17,1533680.0,1539015,1523375,1529695,8452954,-0.1085780733146427
2018-01-18,1531955.0,1540415,1527635,1533570,5362034,0.1783756891541389
2018-01-19,1529440.0,1538100,1520710,1527155,6813511,-0.2493502149980263
2018-01-22,1535585.0,1534310,1522735,1529465,4469414,0.1506690416225143
2018-01-23,1548610.0,1544185,1531410,1541265,4580722,0.6839225822263639
2018-01-24,1549750.0,1552145,1541130,1546060,6538227,0.2107285019165244
2018-01-25,1550575.0,1559360,1540765,1552245,6283439,0.2617765824767449
2018-01-26,1580280.0,1578830,1562280,1572945,5960065,0.1507160510061196
2018-01-29,1578985.0,1590610,1572745,1582585,4901210,0.6431329586843968
2018-01-30,1561745.0,1585785,1566400,1572860,7310614,-0.4285942238092879
2018-01-31,1565125.0,1569710,1552190,1561695,5715331,-0.6252224823387148
2018-02-01,1562830.0,1570280,1556080,1561545,8033557,0.037360828930287
2018-02-02,1537735.0,1568685,1551325,1559750,6037477,-0.30101581762267
2018-02-05,1508620.0,1547490,1527580,1537735,5553123,-1.372251879016933
2018-02-06,1521685.0,1521885,1493590,1508125,4028040,-1.664688457569027
2018-02-07,1499360.0,1530300,1498120,1505890,11150343,-0.1562907315374489
2018-02-08,1472050.0,1511445,1486785,1500835,7448006,0.0536962722539318
2018-02-09,1479595.0,1483280,1461365,1472650,6417403,-1.8078441023273308
2018-02-12,1485415.0,1488790,1470560,1479970,4949422,0.4832495960401899
2018-02-13,1483745.0,1492755,1476085,1482415,3974422,0.0953619599094452
2018-02-14,1507310.0,1488920,1479330,1485640,7216437,0.1903087316307405
2018-02-19,1510595.0,1515685,1500195,1509245,3830097,1.372725502666872
2018-02-20,1503710.0,1514960,1500830,1505615,2777461,-0.2318200594761522
2018-02-21,1501575.0,1509465,1497385,1504020,2958045,0.0419053967140393
2018-02-22,1509450.0,1505370,1494030,1499415,2400479,-0.2820760678866252
2018-02-23,1521555.0,1514955,1504470,1510360,2677401,0.5307613325531896
2018-02-26,1527745.0,1526395,1514470,1520805,2685556,0.610447072129826
2018-02-27,1513420.0,1530900,1520030,1524015,3239783,0.2507042877587376
2018-02-28,1491420.0,1518635,1505530,1510665,4658107,-0.7773240138012448
2018-03-02,1495445.0,1498555,1484200,1492400,5331654,-1.054777667572414
2018-03-05,1500900.0,1499025,1486525,1490285,4571755,-0.178257197790246
2018-03-06,1498620.0,1505665,1494620,1501530,4376256,0.6892928474984356
2018-03-07,1496795.0,1503020,1491435,1495060,2973945,-0.3178621332844554
2018-03-08,1502395.0,1503190,1490380,1498030,2606903,0.282167849907505
2018-03-09,1522655.0,1511100,1495860,1503605,3014001,0.6486196784407765
2018-03-12,1519910.0,1527210,1516345,1521505,2714456,1.1064307655850718
2018-03-13,1513295.0,1523215,1514270,1518715,2703222,-0.1303151128533937
2018-03-14,1514130.0,1518550,1508115,1514420,2544381,-0.2483941487599131
2018-03-15,1515650.0,1519390,1508290,1514515,2912198,-0.0021079690778405
2018-03-16,1517475.0,1519415,1509315,1513815,2518483,-0.0664063987638076
2018-03-19,1506695.0,1520350,1509970,1513885,2835109,-0.1040736291170992
2018-03-20,1516770.0,1515715,1502955,1512140,2579061,-0.1842101088861341
2018-03-21,1522070.0,1520535,1512420,1515910,2517990,0.1969818536302478
2018-03-22,1496565.0,1527655,1514790,1518980,3263184,0.0284260975822033
2018-03-23,1488830.0,1505365,1485880,1493165,4714803,-1.6661712324028897
2018-03-26,1503455.0,1499120,1481080,1492720,5054772,-0.1447178432829943
2018-03-27,1492765.0,1510320,1495935,1503150,3012631,0.8812806855553751
2018-03-28,1489130.0,1497390,1483250,1488890,4029527,-0.7863275755459097
2018-03-29,1502040.0,1499610,1483145,1493640,3511956,0.3376416048173303
2018-03-30,1503435.0,1505720,1496745,1500735,1838753,0.5556546193682651
2018-04-02,1487025.0,1508580,1497955,1501395,2164120,0.1234601233999836
2018-04-03,1493885.0,1494105,1482005,1490040,3323723,-0.5175004041308457
2018-04-04,1497090.0,1498720,1486195,1490555,2620740,-0.0006526064551874
2018-04-05,1494420.0,1502400,1491935,1497095,2487064,0.3636878162404254
2018-04-06,1491910.0,1499100,1488730,1493415,2577434,-0.0973914299188847
2018-04-09,1524485.0,1526520,1516020,1521510,2189594,-0.0141237531606289
2018-04-10,1537210.0,1534420,1517235,1528550,2719018,0.2391234359916962
2018-04-11,1579605.0,1581030,1571975,1575255,2744875,0.3338027959214757
2018-04-12,1577720.0,1584945,1571945,1577395,2716532,-0.0789332322625915
2018-04-13,1580840.0,1583395,1571865,1578410,2422742,0.1385068502994117
2018-04-16,1578980.0,1584275,1572410,1576850,2565544,0.0086254263914934
2018-04-17,1584100.0,1583445,1573215,1578040,2835009,0.11400262324187
2018-04-18,1592285.0,1591270,1577955,1585665,2947293,0.546844760588099
2018-04-19,1589665.0,1600820,1584800,1593710,4278230,0.2953941609115949
2018-04-20,1580995.0,1594120,1578600,1584065,3469991,-0.358418916397223
2018-04-23,1582185.0,1586485,1573340,1577990,2868294,-0.4555412477948324
2018-04-24,1574755.0,1589565,1575840,1583110,3682387,0.2627845610336609
2018-04-25,1575365.0,1578940,1565465,1569975,4462345,-0.6240846587473869
2018-04-26,1580320.0,1580190,1568235,1573135,2602789,0.2090327838000774
2018-04-27,1580120.0,1583985,1573350,1578200,2969428,0.4026988262362589
2018-04-30,1576115.0,1585480,1573145,1579315,4085543,0.2432802863232167
2018-05-02,1572395.0,1583385,1567770,1574960,3842314,-0.1203597118788084
2018-05-03,1572890.0,1578465,1566075,1573315,3061144,-0.2311667372766448
2018-05-04,1578085.0,1575795,1564740,1567990,3780469,-0.4075142524855249
2018-05-08,1574480.0,1585580,1570075,1576440,3254068,0.1534293461979924
2018-05-09,1587035.0,1582960,1568660,1577940,3212249,0.0749306035870845
2018-05-10,1589895.0,1591810,1580680,1585900,3126215,0.3551123370453076
2018-05-11,1592425.0,1595555,1585205,1590495,3290133,0.4549647839871876
2018-05-14,1594490.0,1597220,1586850,1592275,3375931,0.1955873903866335
2018-05-15,1590290.0,1603705,1587875,1597295,2633950,0.1929436214909961
2018-05-16,1596860.0,1595145,1586265,1591125,2859881,-0.3665699510858204
2018-05-17,1596495.0,1599955,1591295,1594165,2559000,0.121541917231835
2018-05-18,1602010.0,1601265,1592710,1598175,1838859,0.2934324639072004
2018-05-21,1600885.0,1606330,1596715,1601165,1953324,0.1647005492119843
2018-05-23,1597245.0,1604430,1592375,1596615,3535722,-0.3597979841733637
2018-05-24,1593155.0,1601215,1591515,1596105,3283431,0.0671120352736089
2018-05-25,1587810.0,1598845,1587440,1592140,2736668,-0.2843354121338968
2018-05-28,1586765.0,1594075,1577755,1586455,3972579,0.3223018837608143
2018-05-29,1576980.0,1590890,1578740,1582640,2439849,-0.2319710809621614
2018-05-30,1580955.0,1580355,1565840,1571155,3110228,-0.8227768924398708
2018-05-31,1599265.0,1607415,1594705,1602850,3143274,0.6736217804034061
2018-06-01,1603835.0,1605085,1595015,1600220,5271800,-0.035140148296202
2018-06-04,1603410.0,1608380,1596735,1601965,3836339,0.1877769453644825
2018-06-05,1610650.0,1606785,1597245,1601890,2800042,0.1321828184144982
2018-06-07,1613630.0,1614810,1605940,1610630,2025905,0.5879641207371605
2018-06-08,1610260.0,1617625,1605690,1609530,2628289,-0.1076056780392104
2018-06-11,1618395.0,1614995,1606680,1611460,2005303,0.1693439263045834
2018-06-12,1617055.0,1622135,1612240,1617275,2696952,0.3032644887968156
2018-06-14,1623660.0,1630095,1618315,1621110,2266579,-0.5734219104156026
2018-06-15,1671155.0,1687850,1677285,1681320,2363227,-0.0838679522577446
2018-06-18,1676645.0,1686140,1668485,1674060,3488866,-0.8616216967733191
2018-06-19,1667925.0,1681630,1664045,1668550,2905151,-0.5652121420828583
2018-06-20,1675090.0,1675545,1661890,1671210,2848809,0.2130506728630741
2018-06-21,1667840.0,1680880,1668705,1672835,1968965,0.108282655994393
2018-06-22,1678680.0,1674590,1663265,1670860,2608020,-0.1951133704850168
2018-06-25,1672865.0,1685225,1672605,1679120,2947890,0.4569638746980135
2018-06-26,1678235.0,1676920,1666075,1671895,2205915,-0.4837949706747517
2018-06-27,1676245.0,1685380,1669860,1676870,2103021,0.0281610742639495
2018-06-28,1681530.0,1682125,1670365,1675330,2887274,-0.4162181405338166
2018-06-29,1680410.0,1686350,1672590,1679375,1881757,0.1024060307328593
2018-07-02,1671840.0,1686230,1666120,1671980,2800563,-0.5619176798611335
2018-07-03,1668830.0,1677895,1663220,1671135,2493212,-0.356178355735451
2018-07-04,1668035.0,1673835,1662990,1668315,2150914,-0.0913337544110904
2018-07-05,1666050.0,1671675,1659065,1663820,1565260,-0.3300401836733738
2018-07-06,1675750.0,1674675,1657935,1669270,2063978,0.5902403041014136
2018-07-09,1683530.0,1682780,1670220,1677585,1697776,0.3462555968629893
2018-07-10,1679790.0,1688585,1677860,1682345,2239946,0.2886295386616644
2018-07-11,1667280.0,1683790,1668400,1675335,1944102,-0.4716785074485607
2018-07-12,1674240.0,1675540,1660805,1669475,2948317,0.0740569780185768
2018-07-13,1678900.0,1678460,1668790,1673905,1614429,0.3943580592424168
2018-07-16,1667660.0,1683470,1672675,1676450,1310179,0.2022484069600331
2018-07-17,1669925.0,1671045,1660320,1664065,2325049,-0.5007377464359957
2018-07-18,1681885.0,1683090,1672370,1675635,1473462,0.0158684129772249
2018-07-19,1678480.0,1686025,1673770,1677845,1638470,-0.0816093575312077
2018-07-20,1678985.0,1684625,1672470,1679385,1956333,-0.0083198541351252
2018-07-23,1675465.0,1681770,1671125,1675380,1699986,-0.2229363558668257
2018-07-24,1679990.0,1680370,1670285,1675555,1382357,0.025308338978507
2018-07-25,1681710.0,1682780,1673365,1676360,1318214,-0.1091414036836442
2018-07-26,1684135.0,1686060,1674510,1679970,1448991,0.2597194323022217
2018-07-27,1678830.0,1687535,1679410,1682470,1361935,0.0933908615418107
2018-07-30,1679110.0,1682375,1673080,1677095,3172903,-0.2791780539730588
2018-07-31,1679505.0,1683200,1674180,1678085,3115327,-0.0117803763426301
2018-08-01,1676425.0,1684235,1673830,1678610,2269226,0.3882699103262813
2018-08-02,1677590.0,1680800,1667565,1672420,2048473,-0.3091891131392227
2018-08-03,1680105.0,1682035,1672505,1677210,1679305,0.192349724987908
2018-08-06,1679000.0,1683490,1674185,1677765,862728,0.1211576762959397
2018-08-07,1684690.0,1684810,1674860,1681860,854918,0.1009990450764957
2018-08-08,1675830.0,1687635,1679815,1682805,2162490,0.080360018541857
2018-08-09,1678925.0,1681175,1671540,1677830,1857168,-0.0421326018804198
2018-08-10,1675005.0,1683215,1672310,1677000,2230906,0.1029040898853542
2018-08-13,1670050.0,1678940,1666035,1671015,1266698,-0.6801889888820046
2018-08-14,1657875.0,1673245,1664825,1668835,1328885,-0.2529778567120697
2018-08-16,1662740.0,1665930,1647060,1656890,1980675,-0.6389680344320593
2018-08-17,1667325.0,1667535,1657440,1662160,1377858,0.4142222102788768
2018-08-20,1666785.0,1670940,1660525,1665140,1110315,0.2469421510687947
2018-08-21,1674025.0,1672120,1662845,1669040,1475597,0.1824827496647454
2018-08-22,1680890.0,1678060,1668920,1672355,2550352,0.2035733874837402
2018-08-23,1681015.0,1683890,1675615,1679685,2842351,0.3378958202150335
2018-08-24,1688685.0,1686985,1676485,1682815,2403824,0.1258607402625221
2018-08-27,1693660.0,1692895,1684200,1688695,2541778,0.4329366732776735
2018-08-28,1691395.0,1696565,1687695,1690550,1532346,0.0891613329142143
2018-08-29,1716855.0,1713940,1707460,1710505,1398545,-0.0358690567192305
2018-08-30,1713535.0,1719690,1711615,1714750,2791241,0.1010754064054871
2018-08-31,1715885.0,1720530,1709315,1716780,5165375,0.0553123384470212
2018-09-03,1716010.0,1718955,1709965,1714110,1602442,-0.0854858984162036
2018-09-04,1715570.0,1721000,1712730,1718195,1752900,0.1711287662082358
2018-09-05,1709330.0,1719790,1709030,1713230,2064841,-0.131857251903353
2018-09-06,1703970.0,1713710,1703405,1708670,1904167,-0.2008094509017214
2018-09-07,1705440.0,1707825,1698425,1703425,1740168,-0.2652860554436756
2018-09-10,1705700.0,1710080,1699920,1705570,2041895,0.118160153618328
2018-09-11,1711850.0,1709570,1699255,1704455,1960054,0.0285617056896754
2018-09-12,1714540.0,1717510,1706635,1712450,1810377,0.1811743754684471
2018-09-13,1715095.0,1718135,1708585,1712550,2564847,0.0958997994445337
2018-09-14,1716155.0,1718120,1710960,1714445,1879159,0.309946506833144
2018-09-17,1710350.0,1720925,1712035,1716680,2330952,0.057366346042742
2018-09-18,1721810.0,1716720,1705340,1712410,1911702,-0.2483440060520599
2018-09-19,1733180.0,1735820,1725440,1730785,2186166,0.3590621484525796
2018-09-20,1735680.0,1738765,1728480,1733940,2552725,0.0394060897055437
2018-09-21,1758300.0,1760435,1749930,1755930,2346770,0.214319305560876
2018-09-27,1763065.0,1767580,1751990,1761125,2023181,0.0921894911231892
2018-09-28,1767940.0,1767000,1757640,1761990,2347888,-0.0092686348116474
2018-10-01,1773195.0,1772455,1761850,1767230,2013142,0.1958033826860531
2018-10-02,1772370.0,1778095,1764555,1769695,2173582,-0.2827383038712981
2018-10-04,1794370.0,1817870,1801030,1806695,1470602,-0.4020281094343312
2018-10-05,1789710.0,1799555,1787650,1792975,1929109,-0.8011159347990383
2018-10-08,1786885.0,1794725,1780755,1785610,1449741,-0.2529741616304582
2018-10-10,1751950.0,1792125,1777645,1783345,1687118,-0.6269370353573009
2018-10-11,1734435.0,1758720,1737060,1745475,2788690,-2.209264222895772
2018-10-12,1741155.0,1747705,1726930,1741225,3132008,-0.3013483368125182
2018-10-15,1739920.0,1745045,1733045,1737120,1476925,-0.21327440423464
2018-10-16,1752095.0,1744905,1731955,1736695,1459931,-0.0623409069811884
2018-10-17,1742955.0,1755750,1743630,1749920,2798442,0.927337476415148
2018-10-18,1729905.0,1747705,1734545,1739275,2409857,-0.3907207081457992
2018-10-19,1732100.0,1737845,1722030,1732215,2076558,-0.3065466946107708
2018-10-22,1731390.0,1744105,1725360,1736060,1422312,0.2629846658520898
2018-10-23,1714185.0,1736965,1718335,1723290,1336772,-0.8322477726500963
2018-10-24,1692755.0,1721015,1703705,1710660,1654163,-0.6039993807889178
2018-10-25,1700560.0,1701375,1684575,1694910,1532266,-1.2347072605603815
2018-10-26,1692900.0,1707370,1682720,1691300,1596842,-0.5744663967563161
2018-10-29,1680670.0,1700435,1680465,1686705,1219270,-0.6091590267874197
2018-10-30,1690830.0,1689805,1672630,1683640,1634448,-0.3339050549737378
2018-10-31,1692155.0,1697295,1683055,1690535,1049052,0.670980803746946
2018-11-01,1697270.0,1700360,1685235,1692840,1102643,0.5068929183387735
2018-11-02,1701340.0,1708955,1685615,1700090,1545129,1.1219533322999566
2018-11-05,1707155.0,1705765,1694205,1699410,1850529,0.0442274181411807
2018-11-06,1704105.0,1710835,1699570,1703340,1034310,0.1881617540502733
2018-11-07,1710510.0,1709665,1696240,1701465,1769782,-0.0474723404189064
2018-11-08,1735220.0,1743800,1734030,1738110,1189489,0.4552888457310163
2018-11-09,1733255.0,1740875,1727360,1733440,1351730,-0.2814336362434351
2018-11-12,1723465.0,1740005,1726490,1734235,1477147,-0.3164832000914181
2018-11-13,1721655.0,1731950,1713760,1723610,1552358,-0.849582836180589
2018-11-14,1772830.0,1771110,1750695,1760130,2356083,0.1197369904017342
2018-11-15,1754000.0,1785160,1767210,1777590,2551013,0.2584892048122828
2018-11-16,1776300.0,1770515,1748060,1761040,3380325,0.3647615336750358
2018-11-19,1764125.0,1784530,1771005,1780020,3673666,0.5254813383587129
2018-11-20,1752275.0,1772890,1754770,1761520,2691188,-0.7264518718691303
2018-11-21,1756445.0,1763460,1744200,1754940,2359795,-0.5748707120733729
2018-11-22,1747120.0,1763090,1749930,1756960,1795225,0.2697003650188987
2018-11-23,1733780.0,1756000,1737580,1746935,2413632,-0.3020190172464896
2018-11-26,1748545.0,1743210,1727390,1736825,4475422,-0.2299066711689893
2018-11-27,1748640.0,1754235,1739530,1745675,2678891,0.6839023885687765
2018-11-28,1765580.0,1758595,1742435,1752275,2928790,0.2659541201080828
2018-11-29,1763015.0,1773055,1756135,1762310,4838543,0.3204276366290315
2018-11-30,1770500.0,1771620,1756450,1763240,3088118,-0.0669612452651558
2018-12-03,1767130.0,1783675,1761305,1774680,3444224,1.0526497989027106
2018-12-04,1754285.0,1775410,1761000,1767975,2369188,-0.2401533336696105
2018-12-05,1753030.0,1766345,1748490,1759660,2876958,-0.853345876688395
2018-12-06,1746810.0,1761075,1742210,1750225,2890683,-0.4538592288211939
2018-12-07,1743695.0,1752885,1738235,1744425,2819915,0.0101722922771634
2018-12-10,1739715.0,1751280,1735685,1742830,3520920,-0.777386501778392
2018-12-11,1740990.0,1745295,1734195,1739785,2458732,-0.0265786039362365
2018-12-12,1737450.0,1747365,1734315,1743100,3839865,0.5472411954277663
2018-12-13,1748205.0,1753795,1741685,1748820,3490650,0.4233920369410444
2018-12-14,1729015.0,1753375,1738035,1743130,3314452,-0.4912674409221348
2018-12-17,1713930.0,1734120,1722420,1727815,3711459,-0.2669679547696208
2018-12-18,1715180.0,1721645,1707520,1714500,3453182,-0.8542829591217722
2018-12-19,1708235.0,1722315,1708230,1715935,4740031,-0.0426552954455994
2018-12-20,1729775.0,1745570,1729590,1737000,3226494,-0.5153934708520764
2018-12-21,1726275.0,1736935,1720760,1727490,3330754,-0.7368310269558203
2018-12-24,1705810.0,1732730,1717830,1724740,2273548,-0.4457345610400004
2018-12-26,1724200.0,1714435,1695595,1705170,5583932,-1.4352910033376372
2018-12-27,1722555.0,1732180,1708520,1716670,3807014,1.4499138334201298
2018-12-28,1708870.0,1727300,1714525,1720150,2702118,0.1641114080128114
2019-01-02,1703455.0,1717890,1696395,1705540,5057754,-0.6360446467072375
2019-01-03,1697810.0,1710715,1694795,1701860,2708969,-0.1471658800555297
2019-01-04,1719790.0,1707845,1689440,1700695,2690238,0.0100856071402908
2019-01-07,1725890.0,1728770,1711345,1720830,5685404,1.873907071180697
2019-01-08,1740520.0,1742105,1728625,1734765,4731219,0.4026633595634267
2019-01-09,1748610.0,1749685,1733400,1743105,4410366,0.6348220868191177
2019-01-10,1749525.0,1753020,1741240,1745885,3682503,0.1282176601780692
2019-01-11,1750175.0,1755495,1743660,1749515,3663997,0.1740771756673844
2019-01-14,1754675.0,1755850,1743575,1748695,4097556,-0.039693427771062
2019-01-15,1760485.0,1761670,1750165,1757510,5833131,0.3222541834140613
2019-01-16,1760230.0,1766095,1752190,1757745,4102071,0.3324775672490277
2019-01-17,1772430.0,1774165,1763855,1768205,3300689,-0.0684954686661026
2019-01-18,1778370.0,1778510,1766420,1773665,3639752,0.5133323336314143
2019-01-21,1777105.0,1783035,1773865,1779225,5800295,0.3012802993987293
2019-01-22,1771225.0,1781825,1771125,1775660,3739261,-0.1781946335413073
2019-01-23,1770070.0,1776460,1766750,1772210,4130184,-0.0506608142694761
2019-01-24,1777315.0,1774170,1766160,1770450,2874276,0.0348311592181792
2019-01-25,1775940.0,1783185,1771605,1777465,4030430,0.2866410981355135
2019-01-28,1771645.0,1781250,1770655,1775580,3353715,0.1860958005842229
2019-01-29,1779285.0,1777450,1767035,1772935,2210146,-0.1820697866851136
2019-01-30,1782790.0,1783820,1771880,1776970,2571802,0.2573622997482913
2019-01-31,1784980.0,1788875,1777735,1784085,2018660,0.4751268258423975
2019-02-01,1786825.0,1790985,1778395,1784115,2597729,0.1773234354793966
2019-02-07,1778910.0,1791770,1782775,1787610,2948907,0.3203650482889039
2019-02-08,1781375.0,1785150,1773915,1779915,3379484,-0.3706786789032075
2019-02-11,1784020.0,1786540,1776620,1781925,1776480,0.1213731148419016
2019-02-12,1788630.0,1788295,1779390,1783525,1701112,0.0575047263507734
2019-02-13,1793610.0,1794855,1783335,1790530,1729778,0.3992428532610389
2019-02-14,1790620.0,1798045,1789010,1794090,2646212,0.2834084634796216
2019-02-15,1800025.0,1795495,1785265,1790195,2769787,-0.2195931584673223
2019-02-18,1802400.0,1805980,1796000,1801815,2165869,0.6729943689797802
2019-02-19,1806360.0,1806430,1799060,1803045,1153270,0.070868320409504
2019-02-20,1811195.0,1811485,1802625,1808070,1648532,0.4569679369528445
2019-02-21,1808905.0,1815850,1806200,1811555,1676765,0.1791788984911785
2019-02-22,1813930.0,1811695,1804405,1809070,1410244,-0.1323521266081446
2019-02-25,1812370.0,1821000,1809165,1816430,1583758,0.3856721175241544
2019-02-26,1811190.0,1816575,1806610,1811370,1908398,-0.1742076815975996
2019-02-27,1814120.0,1816250,1808430,1812565,1117837,0.0748101520561693
2019-02-28,1819360.0,1818785,1808945,1813375,2108432,-0.0055313205460754
2019-03-04,1812415.0,1826060,1812350,1818305,2172969,0.2775688456209579
2019-03-05,1813735.0,1818010,1808185,1813815,1254627,-0.3416614715191323
2019-03-06,1806045.0,1816680,1809120,1812510,1061135,-0.0797193510793874
2019-03-07,1799335.0,1810580,1800155,1804900,1190369,-0.5574826445681812
2019-03-08,1794020.0,1803135,1792525,1797600,1728752,-0.4619157800280486
2019-03-11,1804770.0,1798410,1788635,1794345,1456034,-0.1883831821238618
2019-03-12,1803695.0,1808425,1798960,1803350,1261077,0.6368527304420663
2019-03-13,1808865.0,1807220,1798280,1802500,1166605,-0.0327598579544375
2019-03-14,1808875.0,1812280,1804350,1807985,3241991,0.2006881582385231
2019-03-15,1812375.0,1815330,1805210,1811330,2090436,0.2318473535577692
2019-03-18,1815105.0,1816650,1808315,1813290,3750727,0.175940916978616
2019-03-19,1813305.0,1818380,1811760,1814740,1348341,0.0611642969957548
2019-03-20,1811565.0,1816295,1808775,1813040,1282873,-0.1905082447570361
2019-03-21,1824280.0,1827955,1817030,1823670,2382960,-0.0960379989525718
2019-03-22,1806865.0,1828440,1818375,1823945,1852898,0.061080891417255
2019-03-25,1807990.0,1811615,1800700,1805060,2296827,-1.0935543294253507
2019-03-26,1813950.0,1812440,1804475,1808470,1189230,0.2397912687665505
2019-03-27,1804820.0,1818125,1806965,1810750,1578447,-0.0263333839550082
2019-03-28,1811660.0,1809110,1802170,1806115,1109320,-0.3011015418397413
2019-03-29,1825725.0,1818305,1807610,1814980,1658209,0.5326897976156633
2019-04-01,1844060.0,1842175,1831510,1837805,1856846,0.8493203831177498
2019-04-02,1847940.0,1848285,1840540,1844780,1650075,0.3797668078197649
2019-04-03,1850980.0,1853955,1843905,1850645,1661781,0.2707378914024055
2019-04-04,1852800.0,1854525,1848185,1851830,1714554,0.1125506020259106
2019-04-05,1859650.0,1856730,1849225,1852505,1391427,0.0551748558719476
2019-04-08,1862820.0,1863855,1853730,1858410,1267930,0.3112020441110044
2019-04-09,1860050.0,1866160,1858470,1862230,1737445,0.109105278080536
2019-04-10,1863445.0,1863935,1856910,1861830,914506,-0.0012076203497319
2019-04-11,1881525.0,1886635,1879015,1882525,1629071,0.1470623076426012
2019-04-12,1885170.0,1883770,1878655,1881550,2176914,0.0205053895306136
2019-04-15,1883240.0,1888695,1880940,1884145,1670519,0.1497292452470516
2019-04-16,1887050.0,1889720,1878890,1885900,1791889,0.1758431227959842
2019-04-17,1880680.0,1891025,1883705,1888160,1945305,-0.0159935239305997
2019-04-18,1880970.0,1884160,1874645,1878430,2168677,-0.6593856548125459
2019-04-19,1885405.0,1886180,1878130,1883700,722290,0.3691611631320457
2019-04-22,1886845.0,1893450,1878715,1885580,2123528,-0.002565913917165
2019-04-23,1948125.0,1949735,1942365,1946810,1231731,0.0124876307522479
2019-04-24,1945845.0,1952575,1941470,1946505,1579822,0.022206115337723
2019-04-25,1940085.0,1949860,1942225,1946525,1099927,-0.0243270457444704
2019-04-26,1938670.0,1943425,1936270,1939875,1110315,-0.3340035477261573
2019-04-29,1942940.0,1944620,1934185,1940430,1944737,0.3261174138680839
2019-04-30,1945585.0,1946645,1938620,1943455,892517,0.1396577700185137
2019-05-02,1938960.0,1949890,1939940,1944230,1007107,0.0642267362474766
2019-05-03,1986130.0,1992255,1984820,1988575,1595267,-0.2429533846270079
2019-05-07,1981570.0,1990505,1979065,1984025,1614996,-0.3700618361489117
2019-05-08,1977325.0,1987885,1975785,1982115,1234910,-0.0988592899516499
2019-05-09,1972630.0,1982915,1966705,1973675,1660968,-0.9424532008252344
2019-05-10,1961650.0,1980245,1961950,1970630,2097306,-0.3275557265952613
2019-05-13,1957770.0,1969520,1955890,1963200,1424988,-0.5344036095556963
2019-05-14,1965220.0,1967205,1949225,1960180,1724959,-0.2303336038483636
2019-05-15,1967595.0,1972685,1960310,1967155,1139631,0.6965826693090481
2019-05-16,1968260.0,1972385,1963115,1968430,1244073,-0.0178879053049147
2019-05-17,1965215.0,1973840,1961050,1966735,1114630,-0.2214101735218238
2019-05-20,1962395.0,1969015,1959445,1963620,1147487,-0.3448966652174682
2019-05-21,1958800.0,1967520,1956505,1961445,1080331,-0.1065378349771639
2019-05-22,1951215.0,1963400,1954740,1958695,1028548,-0.0645719031442673
2019-05-23,1941020.0,1954970,1944920,1949380,1599454,-0.4961336916832163
2019-05-24,1938600.0,1945500,1935160,1939650,1941664,-0.5726234685681018
2019-05-27,1941730.0,1943440,1933390,1939245,967398,-0.0175813664288636
2019-05-28,1936695.0,1947120,1938670,1943095,823227,0.3067768480599292
2019-05-29,1939695.0,1943785,1931805,1938760,1128972,-0.3883269532009253
2019-05-30,1933390.0,1943905,1934525,1939810,992825,0.0173651981017289
2019-05-31,1925635.0,1939755,1929300,1935160,2360694,0.1577621913460483
2019-06-03,1927650.0,1933205,1918950,1926635,3089237,-0.2582901078298344
2019-06-04,1930175.0,1932440,1923050,1927610,1852771,0.2029934057495758
2019-06-05,1931500.0,1935090,1925895,1930635,1702273,0.2864382160098181
2019-06-07,1940965.0,1934895,1927740,1931955,2469613,0.0683132848258696
2019-06-10,1944275.0,1947200,1936130,1942325,2973762,0.6873934290456378
2019-06-11,1945710.0,1951230,1939530,1946575,1196716,0.3096543202280868
2019-06-12,1941565.0,1949955,1939865,1944420,1690143,0.0383430254657878
2019-06-13,1942940.0,1948925,1935675,1943865,2363477,0.0575787748309724
2019-06-14,1941525.0,1948335,1938580,1943830,2203255,-0.0889479088098946
2019-06-17,1979325.0,1984850,1978060,1981450,2429137,-0.1851004191956091
2019-06-18,1989940.0,1982890,1975970,1979815,1028791,-0.0479353636629043
2019-06-19,1990520.0,1995160,1985180,1990750,2530627,0.6180310592400987
2019-06-20,2003055.0,2000330,1982915,1992035,2295121,-0.0467631786380664
2019-06-21,1996345.0,2010050,1990565,1996165,2917300,0.1526258194385407
2019-06-24,1994975.0,2001330,1992235,1997160,1775779,-0.1585492870384945
2019-06-25,1992785.0,2000135,1986310,1993455,2105683,-0.1189806983753519
2019-06-26,1993345.0,1998150,1989265,1994385,1561777,-0.0539397611810331
2019-06-27,1991345.0,1998200,1988520,1992825,1095787,-0.2550708122423046
2019-06-28,1995180.0,1998030,1987440,1991040,1304552,-0.1894141019274064
2019-07-01,1997640.0,2005775,1989545,2000280,1542675,0.5627678059433475
2019-07-02,1991570.0,2004895,1993690,2000980,1354561,0.1039081802669084
2019-07-03,1993965.0,1996755,1986560,1991060,3162412,-0.4994416877925001
2019-07-04,1993660.0,1998380,1987410,1992245,1625399,0.0375195931625463
2019-07-05,1989670.0,1997075,1989600,1993430,1354196,0.187397223149585
2019-07-08,1986670.0,1997930,1982950,1989570,2375130,-0.3449393782916596
2019-07-09,1986880.0,1990805,1979765,1983875,2058039,-0.6649375748612951
2019-07-10,1990860.0,1991000,1982035,1986880,1968160,0.0966029327842373
2019-07-11,1990645.0,1996140,1986045,1991710,2274370,0.2387873894545158
2019-07-12,1991075.0,1995905,1988070,1993205,1580918,0.1157539326691919
2019-07-15,1991735.0,1996155,1985395,1991305,1382953,-0.1009576495429924
2019-07-16,1985145.0,1996465,1987835,1991810,1700379,0.1083090452875939
2019-07-17,1979165.0,1988470,1981085,1984425,2078647,-0.4487008233160781
2019-07-18,1980385.0,1985095,1973835,1980055,2166836,-0.2861315865626046
2019-07-19,1982935.0,1987350,1975695,1981720,2464893,0.2257856337891255
2019-07-22,1981445.0,1987840,1976805,1982315,2135977,0.0917308063792768
2019-07-23,1982760.0,1985350,1977640,1982120,1378455,0.0547868610462868
2019-07-24,1979125.0,1986770,1978565,1982230,1755281,-0.0697125487618031
2019-07-25,1978140.0,1983205,1975275,1979690,1884749,-0.2827204175929367
2019-07-26,1994340.0,2001910,1994010,1998645,1071627,-0.1713470135117614
2019-07-29,1997720.0,1998120,1990105,1994000,1881702,-0.5219560460535452
2019-07-30,1998130.0,2002115,1993760,1997850,2334853,0.0776022776642332
2019-07-31,1997435.0,2002780,1994615,1999700,1357051,0.0624789146922732
2019-08-01,2015320.0,2031775,2021400,2025915,1856774,-0.0233825003555405
2019-08-02,2006210.0,2022095,2009230,2016025,2466843,-0.5812117118470583
2019-08-05,1995545.0,2021960,1990305,2006385,3741876,-1.1530457367192974
2019-08-06,1992380.0,2017180,1975080,1995255,4089262,-1.0241914838591148
2019-08-07,1993880.0,2001560,1983390,1990765,3507808,-0.3432858940949867
2019-08-08,1998530.0,2005490,1983345,1993965,2815338,0.4071723997192736
2019-08-09,2000330.0,2002800,1991930,1997520,2367330,0.4299708441119101
2019-08-12,2001805.0,2006740,1992885,2000030,2254597,0.1055885211474955
2019-08-13,2004930.0,2008200,1995895,2002975,1496300,0.0040303366805892
2019-08-14,1997200.0,2010870,1998465,2004350,2716813,0.0969175367213664
2019-08-16,2000555.0,2006120,1989440,1998265,3665626,-0.6075446473595527
2019-08-19,2005420.0,2005985,1995885,2001755,1595528,0.4381188292071113
2019-08-20,2006355.0,2011215,1999725,2005500,1917249,0.5053501933399152
2019-08-21,2003865.0,2009550,1999670,2004140,1500542,0.0150713883829518
2019-08-22,2004025.0,2008455,1997465,2002845,1892479,0.0162477035701792
2019-08-23,1996770.0,2009165,1999970,2005480,1459792,-0.0221838865702898
2019-08-26,1997620.0,2004140,1986390,1993905,3012654,-1.0288139067273523
2019-08-27,2001570.0,2002400,1992710,1997395,2431515,0.2844918926973028
2019-08-28,2005165.0,2007065,1996785,2002925,2330231,0.4124220006661076
2019-08-29,2013075.0,2010545,2000565,2006480,2114966,0.2564286207978793
2019-08-30,2015745.0,2018240,2006695,2013345,3079576,0.6758591458156632
2019-09-02,2020615.0,2023410,2009900,2018080,2702610,0.1024789587223759
2019-09-03,2019445.0,2026015,2013620,2019215,2032544,0.3044478953429482
2019-09-04,2024100.0,2026085,2010385,2017555,3485616,-0.140821416951468
2019-09-05,2019590.0,2032140,2012115,2021365,6419192,0.2787761157580767
2019-09-06,2021005.0,2024180,2014110,2018875,3502300,-0.073510594216347
2019-09-09,2022820.0,2025725,2014035,2019835,4445802,0.0369240816438986
2019-09-10,2024850.0,2028255,2017005,2023140,4910101,0.2173398635840162
2019-09-11,2039705.0,2030400,2018315,2024815,3430784,0.2415608767581165
2019-09-16,2035815.0,2048650,2020415,2029810,9310355,0.274465873495423
2019-09-17,2027135.0,2042790,2028925,2036080,6223916,0.3534869624333693
2019-09-18,2026180.0,2035705,2023165,2030980,3952054,-0.0823243606377856
2019-09-19,2026415.0,2032085,2020325,2025360,3368841,-0.250500356172831
2019-09-20,2029500.0,2030445,2021575,2025880,3354756,-0.0073170662283259
2019-09-23,2027445.0,2033775,2021915,2028235,3543013,0.1521275703894964
2019-09-24,2019415.0,2031630,2021990,2027125,3027447,0.0012802604146709
2019-09-25,2018675.0,2025490,2011975,2019305,4510911,-0.4712343609617304
2019-09-26,2015410.0,2022345,2014415,2017910,2613425,-0.0896399503026506
2019-09-27,2013750.0,2019805,2011065,2015240,2792907,-0.1842184663875408
2019-09-30,2019720.0,2028775,2017485,2022720,3110129,-0.1171909823392868
2019-10-01,2015445.0,2025865,2014735,2021205,4324576,0.3216858959236218
2019-10-02,2008395.0,2021580,2009270,2016745,3391153,-0.4230184292307763
2019-10-04,2017315.0,2026680,2011640,2017945,4697791,-0.6854391179100876
2019-10-07,2023010.0,2024955,2013985,2019990,2196911,0.1627746035172328
2019-10-08,2020955.0,2029335,2016570,2023300,2148386,0.3729742381756491
2019-10-10,2025935.0,2030615,2013375,2023250,3537760,-0.0603512482709944
2019-10-11,2029680.0,2033635,2017745,2026850,3475886,0.1054633667570037
2019-10-14,2026225.0,2036970,2023105,2028840,3664972,0.3447679453423656
2019-10-15,2025835.0,2029565,2019360,2022950,2188852,-0.2222777721250622
2019-10-16,2023820.0,2031880,2021355,2026080,2460713,0.3720905877839717
2019-10-17,2022740.0,2026785,2019030,2022135,1747929,-0.1827127732561155
2019-10-18,2018205.0,2027925,2015735,2020320,2290701,-0.165042826994268
2019-10-21,2022400.0,2022050,2012275,2017670,1910340,-0.1760067980966861
2019-10-22,2024745.0,2027110,2016690,2021620,2413365,0.40162865019359
2019-10-23,2027310.0,2029300,2020165,2024925,2161272,0.2775468588962585
2019-10-24,2030985.0,2031125,2022260,2027635,2584078,-0.0065868636114782
2019-10-25,2031155.0,2034615,2024435,2028930,2342949,-0.0116450327055375
2019-10-28,2030470.0,2035180,2024335,2028990,2406632,-0.0420270603157502
2019-10-29,2031765.0,2034735,2023925,2028360,2274188,0.0447244836118945
2019-10-30,2026230.0,2039355,2022700,2028100,2270450,0.1268594235472931
2019-10-31,2027700.0,2030850,2022090,2027160,2359786,-0.0470944594911433
2019-11-01,2034945.0,2033815,2023160,2028870,3082911,0.1596584076662517
2019-11-04,2040235.0,2040675,2029480,2033895,4302621,0.239449242218847
2019-11-05,2039420.0,2045450,2033805,2038970,3944492,0.3504463932983473
2019-11-06,2056020.0,2063055,2054685,2058275,3450129,-0.0301664273925666
2019-11-07,2056755.0,2059360,2051430,2054865,2838256,-0.2221160923369253
2019-11-08,2054235.0,2062240,2049815,2055380,4449823,0.0477268742109028
2019-11-11,2052280.0,2060425,2047235,2053415,3004002,0.0196157582710662
2019-11-12,2049810.0,2056955,2045095,2050930,2448779,-0.2296930772358668
2019-11-13,2052585.0,2053575,2046020,2049690,2202798,-0.0345838221985342
2019-11-14,2054690.0,2058085,2048695,2054145,2426128,0.2053001224771029
2019-11-15,2056480.0,2059125,2048840,2054100,2706817,0.0397651741525446
2019-11-18,2053670.0,2061335,2050420,2055365,2279901,-0.0497636092170248
2019-11-19,2047275.0,2057695,2049670,2053595,2774191,-0.1543842926002805
2019-11-20,2043850.0,2051030,2042465,2046000,3495038,-0.4108023454927335
2019-11-21,2046875.0,2050500,2037715,2043655,2936612,-0.3648869807810307
2019-11-22,2047515.0,2051345,2040700,2045630,3220978,0.0828404633048295
2019-11-25,2050000.0,2052050,2043870,2048605,2506013,0.2916482618086419
2019-11-26,2053040.0,2054055,2045670,2050900,3334658,0.0857228078928711
2019-11-27,2052555.0,2055510,2049370,2052545,2823763,0.082184170691921
2019-11-28,2047620.0,2055535,2048195,2051055,2093407,-0.078138696757173
2019-11-29,2043220.0,2051345,2041665,2046270,3040252,-0.4409228722055974
2019-12-02,2040160.0,2048915,2036035,2042410,7623568,-0.2000213947694577
2019-12-03,2039435.0,2044765,2036370,2040860,2381529,-0.0151862165368073
2019-12-04,2043550.0,2045100,2034080,2040530,3347502,0.0142124433240493
2019-12-05,2043250.0,2046965,2037780,2041955,3900980,-0.1502546306636029
2019-12-06,2049780.0,2048140,2039925,2044960,2432247,0.1879145261255157
2019-12-09,2053250.0,2054785,2045470,2050875,6198495,0.1438922456472923
2019-12-10,2056140.0,2057090,2050065,2054130,2380374,0.3007751019426593
2019-12-11,2057540.0,2060510,2052000,2056145,1938924,0.2754433169020649
2019-12-12,2061155.0,2061450,2053475,2057335,2075586,0.0804021100803739
2019-12-13,2061815.0,2065815,2056365,2061560,3215501,0.145593376966776
2019-12-16,2064910.0,2066680,2058205,2062350,2253932,-0.0073299219489195
2019-12-17,2065390.0,2069940,2060110,2065640,2337165,0.1255438665835021
2019-12-18,2068025.0,2069030,2062810,2066370,2082536,0.1172507357197138
2019-12-19,2069875.0,2071065,2064800,2067745,2179288,0.0616911714803423
2019-12-20,2073920.0,2073380,2066805,2070515,1797845,0.220648915058131
2019-12-23,2071780.0,2076605,2067220,2071030,2908758,0.0688507241633469
2019-12-24,2073575.0,2075245,2067945,2072425,1911515,-0.0130247553588779
2019-12-26,2077890.0,2077495,2070480,2075120,1690117,0.13036393531701
2019-12-27,2079130.0,2083385,2073785,2079160,2034363,0.1290687870600736
2019-12-30,2078585.0,2083170,2075840,2080695,1458796,0.1422442414912854
2020-01-02,2084070.0,2083585,2075400,2080235,2589263,-0.049383483528757
2020-01-03,2087415.0,2100385,2073340,2088925,5648609,0.4194538790666891
2020-01-06,2089815.0,2096565,2080415,2088950,3940071,-0.2321824441357969
2020-01-07,2090730.0,2095000,2082555,2089060,2929641,0.2597426852295301
2020-01-08,2148875.0,2175210,2146645,2156075,7296935,-0.3111234796422283
2020-01-09,2150525.0,2155130,2140140,2146750,4343239,-0.2134969756117105
2020-01-10,2151655.0,2154955,2145785,2151660,2071944,0.4329794754633436
2020-01-13,2154880.0,2157165,2146455,2152870,2086890,0.2919665904232286
2020-01-14,2154730.0,2159655,2148200,2153205,2955986,0.0600050720075192
2020-01-15,2156385.0,2157845,2149855,2153750,1700552,0.1598861515537526
2020-01-16,2162445.0,2161645,2151620,2156560,2456198,0.0848151358846549
2020-01-17,2171925.0,2166110,2157660,2161665,2377918,0.1541210925165057
2020-01-20,2163930.0,2175970,2161490,2167155,4288103,0.0206431056223807
2020-01-21,2160800.0,2170875,2154775,2162495,2272943,-0.1112856242811667
2020-01-22,2152515.0,2167715,2154190,2162780,2399033,-0.0414697586375494
2020-01-23,2127440.0,2159545,2143500,2150940,4430926,-0.2438072492599975
2020-01-28,2129610.0,2136195,2117655,2127100,6303307,-1.455810143879925
2020-01-29,2127105.0,2138705,2122540,2131845,3391529,0.3744466474416641
2020-01-30,2126630.0,2135350,2117240,2125395,3176129,-0.4463722893224621
2020-01-31,2111880.0,2133785,2118180,2125900,3021262,-0.5223407159793868
2020-02-03,2118500.0,2124670,2102355,2114220,5593779,-0.3260593235282343
2020-02-04,2123300.0,2130905,2108645,2121620,4949204,0.4861108814420334
2020-02-05,2136965.0,2131525,2115520,2125025,3993136,0.4299135785123155
2020-02-06,2139880.0,2149310,2126850,2139900,4583586,0.9552610690758992
2020-02-07,2138880.0,2146500,2134370,2140290,2990589,0.0894306530019826
2020-02-10,2146160.0,2147555,2132175,2140310,3952800,-0.0876119109326032
2020-02-11,2149265.0,2155100,2139405,2148480,3455016,0.2952043127714203
2020-02-12,2152685.0,2154905,2143600,2149655,2177477,0.1910682628732237
2020-02-13,2152915.0,2158670,2146085,2152650,3838736,0.3357046999007534
2020-02-14,2152055.0,2159165,2149065,2154840,2301593,-0.0382002086104941
2020-02-17,2152135.0,2158975,2147200,2155310,3056937,0.0805363691266929
2020-02-18,2148850.0,2156665,2144340,2149425,2528992,-0.1756569858286447
2020-02-19,2152600.0,2156835,2143610,2150410,3557867,-0.0559352927743051
2020-02-20,2153390.0,2161035,2145435,2154725,3577937,0.044552757621472
2020-02-21,2136500.0,2161235,2147175,2154845,3544032,-0.0898583733029328
2020-02-24,2129310.0,2147195,2126125,2136855,4211155,-1.6251570588959603
2020-02-25,2111600.0,2138550,2118510,2128230,4070531,-0.1614394597766748
2020-02-26,2100650.0,2123190,2103525,2113745,5934831,-0.6366921965926963
2020-02-27,2075565.0,2111935,2089220,2099490,6700999,-1.0561908192001652
2020-02-28,2072605.0,2098320,2050520,2072875,8402609,-2.313280093175752
2020-03-02,2080245.0,2095890,2041355,2066605,9758077,-0.3283563783347792
2020-03-03,2079890.0,2096445,2063040,2079650,7047190,0.972071827528894
2020-03-04,2093930.0,2094090,2070445,2084240,5776445,0.6604625566456263
2020-03-05,2087280.0,2104775,2086580,2097120,4482690,0.9655853737619988
2020-03-06,2080910.0,2106415,2073550,2090100,7732774,-0.7926825506273869
2020-03-09,2049825.0,2116040,2042815,2070820,20965618,-2.35590610229962
2020-03-10,2025930.0,2076565,2008370,2037300,21005247,-1.3698678199113197
2020-03-11,2002065.0,2046230,2004090,2024210,25883186,-1.279345969128716
2020-03-12,1983190.0,2053055,1961145,2008155,14550730,-2.860551424768208
2020-03-13,1987890.0,2044790,1929010,1984290,14881698,-3.637735771265433
2020-03-16,1990795.0,2030680,1954660,1994850,32120159,-0.1603197923503973
2020-03-17,1997345.0,2037490,1929975,1982070,21695510,-2.302001406435208
2020-03-18,1981620.0,2044645,1962695,2014170,26202786,-1.1910100525938891
2020-03-19,1991265.0,2093910,1924050,2014340,64022386,-5.857330507533875
2020-03-20,1991065.0,2024465,1926790,1957445,59908487,1.956667424884528
2020-03-23,1940590.0,2023000,1944255,1971405,75490933,-2.0123199665683744
2020-03-24,1947740.0,1970535,1907845,1935030,55010332,3.1027018912284805
2020-03-25,1962795.0,1975120,1904375,1940535,44428354,3.0324085985698144
2020-03-26,1971330.0,1993055,1943345,1977655,42383733,2.107317878319742
2020-03-27,2009790.0,2018625,1947170,1974070,45357375,0.639315075105871
2020-03-30,1994720.0,2031715,1969590,1994450,38427678,0.2925115545775154
2020-03-31,1990395.0,2021815,1971140,1992225,61173152,2.004183374547132
2020-04-01,1998650.0,2018795,1971035,1996720,72617760,-0.82689650254272
2020-04-02,1971210.0,2024625,1958800,1979965,94686212,0.488574414318487
2020-04-03,1964690.0,1992035,1957050,1974055,161671229,-0.3089880900939363
2020-04-06,1958445.0,1989320,1934630,1958110,275619268,2.19626960157212
2020-04-07,1958565.0,1980730,1943195,1961285,211688228,1.2477299633622303
2020-04-08,1969780.0,1978890,1944695,1964350,130682901,0.5820218756289419
2020-04-09,1984705.0,1984590,1958775,1973655,108254834,0.9348802031258636
2020-04-10,1982640.0,2011955,1972515,1991335,86206959,1.2496386106146562
2020-04-13,1979320.0,1996335,1967405,1980590,30945252,-1.0341210107732468
2020-04-14,2002140.0,1996710,1966740,1980840,20181662,0.1520462641367765
2020-04-16,2002225.0,2019570,1986640,2004470,14578177,0.9529178840610129
2020-04-17,2003640.0,2023840,1984425,2001000,38317520,0.5279611094051508
2020-04-20,2007130.0,2028555,1992490,2011265,24727646,0.9387933825551398
2020-04-21,2032405.0,2032920,1981755,2008905,293845309,-0.990486535513264
2020-04-22,2027775.0,2076415,2009465,2048860,159503500,0.94869420048591
2020-04-23,2008550.0,2081765,1994900,2015210,46690609,-0.0761823439262105
2020-04-24,2010345.0,2027885,1993945,2009295,46291475,-0.3176134137933126
2020-04-27,2033495.0,2041705,1991875,2017385,119888020,-1.147666107987437
2020-04-28,2027650.0,2064095,2013505,2040795,53679503,2.1004658450859384
2020-04-29,2004990.0,2043660,2011495,2030180,38141288,0.0829928471541254
2020-05-04,1972355.0,2028505,1988015,2002905,34874734,-1.6313619985800216
2020-05-06,1985725.0,1999680,1960720,1979545,140321607,0.352815889284437
2020-05-07,1988710.0,2000605,1974835,1983600,32384176,0.1635597436864238
2020-05-08,1993840.0,2008520,1976840,1988040,25940960,0.4253414381711636
2020-05-11,1987370.0,2010310,1981825,1992865,38911094,0.4391804986386742
2020-05-12,1998560.0,2004875,1979830,1991705,52113973,-0.2715932968558302
2020-05-13,2002120.0,2016845,1986260,1997090,19302584,-0.3409236252217146
2020-05-14,1996550.0,2014915,1993080,2004680,17501900,-0.3293635060721616
2020-05-15,1999390.0,2008705,1986420,1997445,20745549,-0.1092833040563784
2020-05-18,1998680.0,2013695,1989120,1997975,73399155,-0.3713972541668378
2020-05-19,1996800.0,2015955,1984775,1994870,35436510,1.0040435096102054
2020-05-20,2006055.0,2016200,1989055,1999865,14510421,0.2375098046112898
2020-05-21,2009980.0,2020075,1995690,2005940,19602954,0.309207066061173
2020-05-22,2010390.0,2039475,1990390,2009435,155597981,-0.8940923550045858
2020-05-25,2048285.0,2056185,2031305,2042035,26915703,0.3944696436478968
2020-05-26,2044205.0,2063600,2034690,2044855,16965165,0.3616817917191396
2020-05-27,2055625.0,2055995,2033190,2042645,17383087,0.486956150656628
2020-05-28,2058970.0,2071435,2045310,2057620,105078528,0.080156901301443
2020-05-29,2062320.0,2069395,2048950,2060590,56359004,-0.0133395760827331
2020-06-01,2065705.0,2076335,2049485,2060735,80757040,0.4039818099953156
2020-06-02,2066675.0,2076895,2058355,2067650,52390914,0.6184407185602286
2020-06-03,2066080.0,2073825,2053675,2062710,86508467,0.076893300402402
2020-06-04,2065495.0,2075020,2055305,2065235,48674510,0.2750178168468327
2020-06-05,2075260.0,2077035,2051835,2061645,36278041,0.0652350712933107
2020-06-08,2080380.0,2087850,2060515,2075030,68553453,0.8075849054958989
2020-06-09,2088260.0,2087815,2070240,2077720,46971564,0.2824292354715405
2020-06-10,2075130.0,2094765,2078315,2084995,37988721,-0.3860195541722032
2020-06-11,2068545.0,2091395,2060775,2077330,44224728,-0.528801315000069
2020-06-12,2060965.0,2091075,2041540,2066755,84224236,-1.184139150585101
2020-06-15,2079570.0,2088500,2039815,2065785,51518933,-1.1144702350398217
2020-06-16,2092835.0,2092570,2064245,2077490,50706354,1.7076668470505396
2020-06-17,2089350.0,2103495,2084085,2092615,40491948,0.4126096719084628
2020-06-18,2087190.0,2097685,2078420,2086715,33158958,-0.3514234466234676
2020-06-19,2085785.0,2097895,2078780,2087860,44331624,0.271218195677521
2020-06-22,2089570.0,2098030,2078090,2089470,54786980,0.2103147495838251
2020-06-23,2099205.0,2107015,2078655,2091315,75980510,-0.0215323373941071
2020-06-24,2088775.0,2105475,2091515,2097800,44020201,0.1340807636659943
2020-06-25,2104095.0,2098530,2080050,2091175,121859461,-1.1987574980307192
2020-06-26,2090805.0,2112405,2096910,2106300,61045814,0.1814497922761086
2020-06-29,2071000.0,2096725,2077685,2084835,57862449,-1.1590708643077998
2020-06-30,2071470.0,2081155,2064565,2074595,61794820,0.7844189459522
2020-07-01,2077590.0,2082230,2064445,2075105,39775038,0.0476898711395604
2020-07-02,2080805.0,2087480,2069795,2079030,37993959,0.5437006103674136
